"ID","SID","city","state"
0,36,"Nicobar","Andaman and Nicobar Islands"
1,36,"North and Middle Andaman","Andaman and Nicobar Islands"
2,36,,"Andaman and Nicobar Islands"
3,6,"Kurnool","Andhra Pradesh"
4,6,"Srikakulam","Andhra Pradesh"
5,6,"East Godavari","Andhra Pradesh"
6,6,"Vishakhapatnam","Andhra Pradesh"
7,6,"Anantapuram","Andhra Pradesh"
8,6,"Guntur","Andhra Pradesh"
9,6,"Kurnool","Andhra Pradesh"
10,6,"Guntur","Andhra Pradesh"
11,6,"Prakasam","Andhra Pradesh"
12,6,"Kurnool","Andhra Pradesh"
13,6,"Khammam","Telangana"
15,6,"Vishakhapatnam","Andhra Pradesh"
16,6,"West Godavari","Andhra Pradesh"
18,6,"Vizianagaram","Andhra Pradesh"
19,6,"Nizamabad","Andhra Pradesh"
20,6,"Kurnool","Andhra Pradesh"
21,6,"Guntur","Andhra Pradesh"
22,6,"Prakasam","Andhra Pradesh"
23,6,"Chittoor","Andhra Pradesh"
24,6,"Kadapa","Andhra Pradesh"
25,6,"Chittoor","Andhra Pradesh"
26,6,"Anantapuram","Andhra Pradesh"
27,6,"West Godavari","Andhra Pradesh"
28,6,"Mahabubnagar","Telangana"
29,6,"Mahabubnagar","Telangana"
30,6,"Anantapuram","Andhra Pradesh"
31,6,"Krishna","Andhra Pradesh"
32,6,"Nellore","Andhra Pradesh"
33,6,"Anantapuram","Andhra Pradesh"
34,6,"Guntur","Andhra Pradesh"
35,6,"Krishna","Andhra Pradesh"
36,6,"Anantapuram","Andhra Pradesh"
37,6,"Srikakulam","Andhra Pradesh"
38,6,"Krishna","Andhra Pradesh"
39,6,"Karimnagar","Telangana"
40,6,"Kadapa","Andhra Pradesh"
41,6,"Adilabad","Andhra Pradesh"
42,6,"Kadapa","Andhra Pradesh"
43,6,"Anantapuram","Andhra Pradesh"
44,6,"Adilabad","Telangana"
45,6,"East Godavari","Andhra Pradesh"
46,6,"Anantapuram","Andhra Pradesh"
48,6,"Prakasam","Andhra Pradesh"
49,6,"Nellore","Andhra Pradesh"
50,6,"Nalgonda","Telangana"
52,6,"West Godavari","Andhra Pradesh"
53,6,"East Godavari","Andhra Pradesh"
54,6,"West Godavari","Andhra Pradesh"
55,6,"Kurnool","Andhra Pradesh"
56,6,"Chittoor","Andhra Pradesh"
57,6,"Guntur","Andhra Pradesh"
58,6,"Krishna","Andhra Pradesh"
59,6,"Chittoor","Andhra Pradesh"
60,6,"Adilabad","Telangana"
62,6,"East Godavari","Andhra Pradesh"
63,6,"Guntur","Andhra Pradesh"
64,6,"Khammam","Telangana"
65,6,"Prakasam","Andhra Pradesh"
66,6,"Nalgonda","Telangana"
67,6,"West Godavari","Andhra Pradesh"
68,6,"Chittoor","Andhra Pradesh"
69,6,"Mahabubnagar","Telangana"
70,6,"Kurnool","Andhra Pradesh"
71,6,"West Godavari","Andhra Pradesh"
72,6,"Guntur","Andhra Pradesh"
73,6,"Mahabubnagar","Andhra Pradesh"
74,6,"Vishakhapatnam","Andhra Pradesh"
75,6,"Nellore","Andhra Pradesh"
76,6,"West Godavari","Andhra Pradesh"
77,6,"Krishna","Andhra Pradesh"
78,6,"Krishna","Andhra Pradesh"
79,6,"Prakasam","Andhra Pradesh"
80,6,"West Godavari","Andhra Pradesh"
81,6,"Srikakulam","Andhra Pradesh"
82,6,"Khammam","Telangana"
83,6,"Vizianagaram","Andhra Pradesh"
84,6,"Krishna","Andhra Pradesh"
85,6,"East Godavari","Andhra Pradesh"
86,6,"East Godavari","Andhra Pradesh"
87,6,"Prakasam","Andhra Pradesh"
88,6,"Guntur","Andhra Pradesh"
89,6,"Kadapa","Andhra Pradesh"
90,6,"Chittoor","Andhra Pradesh"
91,6,"Chittoor","Andhra Pradesh"
92,6,"East Godavari","Andhra Pradesh"
93,6,"Krishna","Andhra Pradesh"
94,6,"Prakasam","Andhra Pradesh"
95,6,"Nellore","Andhra Pradesh"
96,6,"Srikakulam","Andhra Pradesh"
97,6,"Vishakhapatnam","Andhra Pradesh"
98,6,"Vizianagaram","Andhra Pradesh"
99,6,"West Godavari","Andhra Pradesh"
100,6,"Kadapa","Andhra Pradesh"
101,17,"Dibang Valley",
102,17,"East Kameng",
103,17,"East Siang","Arunachal Pradesh"
105,17,"Lohit","Arunachal Pradesh"
106,17,"Lower Dibang Valley","Arunachal Pradesh"
107,17,"Lower Subansiri",
108,17,"Papum Pare",
109,17,"Tawang",
110,17,"Tirap","Arunachal Pradesh"
111,17,"Upper Siang",
112,17,"Upper Subansiri",
113,17,"West Kameng",
114,17,"West Siang",
115,1,"Cachar","Assam"
116,1,"Darrang","Assam"
117,1,"Dhemaji","Assam"
118,1,"Dima Hasao","Assam"
119,1,"Kamrup","Assam"
120,1,"Karbi Anglong","Assam"
121,1,"Lakhimpur","Assam"
122,1,"Sivasagar","Assam"
123,1,"Sonitpur","Assam"
124,1,"Tinsukia","Assam"
125,1,"Bongaigaon","Assam"
126,1,"Sonitpur","Assam"
127,1,"Dhubri","Assam"
128,1,"Barpeta","Assam"
129,1,"Barpeta","Assam"
130,1,"Dhubri","Assam"
131,1,"Bongaigaon","Assam"
132,1,"Sonitpur","Assam"
133,1,"Dhubri","Assam"
134,1,"Dibrugarh","Assam"
135,1,"Tinsukia","Assam"
136,1,"Karbi Anglong","Assam"
137,1,"Kamrup","Assam"
138,1,"Dibrugarh","Assam"
139,1,"Dhubri","Assam"
140,1,"Goalpara","Assam"
141,1,,"Assam"
142,1,"Kamrup","Assam"
143,1,"Dima Hasao","Assam"
144,1,"Hailakandi","Assam"
145,1,"Nagaon","Assam"
146,1,"Jorhat","Assam"
147,1,"Karimganj","Assam"
148,1,"Kokrajhar","Assam"
149,1,"Nagaon","Assam"
150,1,"Nagaon","Assam"
151,1,"Darrang","Assam"
152,1,"Dhubri","Assam"
153,1,"Tinsukia","Assam"
154,1,"Jorhat","Assam"
155,1,"Morigaon","Assam"
156,1,"Nagaon","Assam"
157,1,"Nalbari","Assam"
158,1,"Lakhimpur","Assam"
159,18,"Banka","Bihar"
160,18,"Araria","Bihar"
161,18,"Purvi Champaran","Bihar"
162,18,"Bhojpur","Bihar"
163,18,"Bhojpur","Bihar"
164,18,"Munger","Bihar"
165,18,"Aurangabad","Bihar"
166,18,"Gaya","Bihar"
167,18,"Kishanganj","Bihar"
168,18,"Sitamarhi","Bihar"
169,18,"Saharsa","Bihar"
170,18,"Banka","Bihar"
171,18,"Purnia","Bihar"
172,18,"Lakhisarai","Bihar"
173,18,"Gopalganj","Bihar"
174,18,"Sheikhpura","Bihar"
175,18,"Patna","Bihar"
176,18,"Begusarai","Bihar"
177,18,"Bhojpur","Bihar"
178,18,"Pashchim Champaran","Bihar"
179,18,"Kaimur","Bihar"
180,18,"Bhagalpur","Bihar"
181,18,"Bhojpur","Bihar"
182,18,"Nalanda","Bihar"
183,18,"Rohtas","Bihar"
184,18,"Gaya","Bihar"
185,18,"Buxar","Bihar"
186,18,"Purvi Champaran","Bihar"
187,18,"Pashchim Champaran","Bihar"
188,18,"Saran","Bihar"
189,18,"Bhagalpur","Bihar"
190,18,"Samastipur","Bihar"
191,18,"Darbhanga","Bihar"
192,18,"Aurangabad","Bihar"
193,18,"Rohtas","Bihar"
194,18,"Saran","Bihar"
195,18,"Buxar","Bihar"
196,18,"Purvi Champaran","Bihar"
197,18,"Patna","Bihar"
198,18,"Araria","Bihar"
199,18,"Gaya","Bihar"
200,18,"Khagaria","Bihar"
201,18,"Gopalganj","Bihar"
202,18,"Katihar","Bihar"
203,18,"Nalanda","Bihar"
204,18,"Nawada","Bihar"
205,18,"Nalanda","Bihar"
206,18,"Bhojpur","Bihar"
207,18,"Munger","Bihar"
208,18,"Jamui","Bihar"
209,18,"Jehanabad","Bihar"
210,18,"Jamui","Bihar"
211,18,"Madhubani","Bihar"
212,18,"Araria","Bihar"
213,18,"Kaimur","Bihar"
214,18,"Muzaffarpur","Bihar"
215,18,"Katihar","Bihar"
216,18,"Khagaria","Bihar"
217,18,"Munger","Bihar"
218,18,"Kishanganj","Bihar"
219,18,"Lakhisarai","Bihar"
220,18,"Vaishali","Bihar"
221,18,"Madhepura","Bihar"
222,18,"Madhubani","Bihar"
223,18,"Siwan","Bihar"
224,18,"Vaishali","Bihar"
225,18,"Jehanabad","Bihar"
226,18,"Patna","Bihar"
227,18,"Katihar","Bihar"
228,18,"Saran","Bihar"
229,18,"Patna","Bihar"
230,18,"Gopalganj","Bihar"
231,18,"Kaimur","Bihar"
232,18,"Patna","Bihar"
233,18,"Patna","Bihar"
234,18,"Purvi Champaran","Bihar"
235,18,"Muzaffarpur","Bihar"
236,18,"Munger","Bihar"
237,18,"Madhepura","Bihar"
238,18,"Muzaffarpur","Bihar"
239,18,"Nalanda","Bihar"
240,18,"Pashchim Champaran","Bihar"
241,18,"Bhagalpur","Bihar"
242,18,"Nawada","Bihar"
243,18,"Rohtas","Bihar"
244,18,"Patna","Bihar"
245,18,"Bhojpur","Bihar"
246,18,"Purnia","Bihar"
247,18,"Rohtas","Bihar"
248,18,"Saharsa","Bihar"
249,18,"Samastipur","Bihar"
250,18,"Saran","Bihar"
251,18,"Sheikhpura","Bihar"
252,18,"Sheohar","Bihar"
253,18,"Sitamarhi","Bihar"
254,18,"Siwan","Bihar"
255,18,"Supaul","Bihar"
256,18,"Muzaffarpur","Bihar"
257,18,"Pashchim Champaran","Bihar"
258,28,,"Chandigarh"
259,11,"Durg","Chhattisgarh"
260,11,"Janjgir-Champa","Chhattisgarh"
261,11,"Rajnandgaon","Chhattisgarh"
262,11,"Surguja","Chhattisgarh"
263,11,"Raipur","Chhattisgarh"
264,11,"Dantewada","Chhattisgarh"
265,11,"Durg","Chhattisgarh"
266,11,"Raipur","Chhattisgarh"
267,11,"Bastar","Chhattisgarh"
268,11,"Mahasamund","Chhattisgarh"
269,11,"Raipur","Chhattisgarh"
270,11,"Raipur","Chhattisgarh"
271,11,"Durg","Chhattisgarh"
272,11,"Bilaspur","Chhattisgarh"
273,11,"Dantewada","Chhattisgarh"
274,11,"Raipur","Chhattisgarh"
275,11,"Janjgir-Champa","Chhattisgarh"
276,11,"Koriya","Chhattisgarh"
277,11,"Dantewada","Chhattisgarh"
278,11,"Durg","Chhattisgarh"
279,11,"Dhamtari","Chhattisgarh"
280,11,"Korba","Chhattisgarh"
281,11,"Rajnandgaon","Chhattisgarh"
282,11,"Durg","Chhattisgarh"
283,11,"Raipur","Chhattisgarh"
284,11,"Bastar","Chhattisgarh"
285,11,"Janjgir-Champa","Chhattisgarh"
286,11,"Jashpur","Chhattisgarh"
287,11,"Kawardha","Chhattisgarh"
288,11,"Kanker","Chhattisgarh"
289,11,"Kawardha","Chhattisgarh"
290,11,"Kondagaon","Chhattisgarh"
291,11,"Korba","Chhattisgarh"
292,11,"Koriya","Chhattisgarh"
293,11,"Mahasamund","Chhattisgarh"
295,11,"Bilaspur","Chhattisgarh"
296,11,"Janjgir-Champa","Chhattisgarh"
297,11,"Kondagaon","Chhattisgarh"
298,11,"Raigarh","Chhattisgarh"
299,11,"Raipur","Chhattisgarh"
300,11,"Rajnandgaon","Chhattisgarh"
301,11,"Surguja","Chhattisgarh"
302,21,"Dadra and Nagar Haveli","Dadra and Nagar Haveli"
303,29,"Daman","Daman and Diu"
304,29,"Diu","Daman and Diu"
305,27,"Central Delhi","Delhi"
306,27,"East Delhi","Delhi"
307,27,,"Delhi"
308,27,,"Delhi"
309,27,,"Delhi"
310,27,"North Delhi","Delhi"
311,27,"North East Delhi","Delhi"
312,27,"North West Delhi","Delhi"
313,27,"South Delhi","Delhi"
314,27,"South West Delhi","Delhi"
315,27,"West Delhi","Delhi"
316,15,"North Goa","Goa"
317,15,"South Goa","Goa"
318,15,"North Goa","Goa"
319,15,,"Goa"
320,15,"North Goa","Goa"
321,15,,"Goa"
322,15,"South Goa","Goa"
323,15,"North Goa","Goa"
324,15,"North Goa","Goa"
325,15,"South Goa","Goa"
326,5,"Gandhinagar","Gujarat"
327,5,"Porbandar","Gujarat"
328,5,"Ahmedabad","Gujarat"
329,5,"Bhavnagar","Gujarat"
330,5,"Banaskantha","Gujarat"
331,5,"Mehsana","Gujarat"
332,5,"Amreli","Gujarat"
333,5,"Anand","Gujarat"
334,5,"Bharuch","Gujarat"
335,5,"Kutch","Gujarat"
336,5,"Anand","Gujarat"
337,5,"Bharuch","Gujarat"
338,5,"Amreli","Gujarat"
339,5,"Jamnagar","Gujarat"
340,5,"Valsad","Gujarat"
341,5,"Banaskantha","Gujarat"
342,5,"Bharuch","Gujarat"
343,5,"Bhavnagar","Gujarat"
344,5,"Kutch","Gujarat"
345,5,"Anand","Gujarat"
346,5,"Dahod","Gujarat"
347,5,"Dang","Gujarat"
348,5,"Banaskantha","Gujarat"
349,5,"Gandhinagar","Gujarat"
350,5,"Valsad","Gujarat"
351,5,"Ahmedabad","Gujarat"
352,5,"Jamnagar","Gujarat"
353,5,"Kutch","Gujarat"
354,5,"Gandhinagar","Gujarat"
355,5,"Panchmahal","Gujarat"
356,5,"Sabarkatha","Gujarat"
357,5,"Sabarkatha","Gujarat"
358,5,"Jamnagar","Gujarat"
359,5,"Junagadh","Gujarat"
360,5,"Kutch","Gujarat"
361,5,"Mehsana","Gujarat"
362,5,"Jamnagar","Gujarat"
363,5,"Panchmahal","Gujarat"
364,5,"Kheda","Gujarat"
365,5,"Vadodara","Gujarat"
366,5,"Junagadh","Gujarat"
367,5,"Jamnagar","Gujarat"
368,5,"Anand","Gujarat"
369,5,"Kheda","Gujarat"
370,5,"Sabarkatha","Gujarat"
371,5,"Mehsana","Gujarat"
372,5,"Junagadh","Gujarat"
373,5,"Amreli","Gujarat"
374,5,"Surendranagar","Gujarat"
375,5,"Panchmahal","Gujarat"
376,5,"Mehsana","Gujarat"
377,5,"Bhavnagar","Gujarat"
378,5,"Junagadh","Gujarat"
379,5,"Kutch","Gujarat"
380,5,"Junagadh","Gujarat"
381,5,"Gandhinagar","Gujarat"
382,5,"Kheda","Gujarat"
383,5,"Jamnagar","Gujarat"
384,5,"Aravalli","Gujarat"
385,5,"Morbi","Gujarat"
386,5,"Kheda","Gujarat"
387,5,"Narmada","Gujarat"
388,5,"Navsari","Gujarat"
389,5,"Vadodara","Gujarat"
390,5,"Banaskantha","Gujarat"
391,5,"Bhavnagar","Gujarat"
392,5,"Panchmahal","Gujarat"
393,5,"Valsad","Gujarat"
394,5,"Patan","Gujarat"
395,5,"Anand","Gujarat"
396,5,"Porbandar","Gujarat"
397,5,"Rajkot","Gujarat"
398,5,"Sabarkatha","Gujarat"
399,5,"Surat","Gujarat"
400,5,"Surendranagar","Gujarat"
401,5,"Tapi","Gujarat"
402,5,"Vadodara","Gujarat"
403,5,"Valsad","Gujarat"
404,25,"Ambala","Haryana"
405,25,"Panipat","Haryana"
406,25,"Karnal","Haryana"
407,25,"Mahendragarh","Haryana"
408,25,"Hisar","Haryana"
409,25,"Jhajjar","Haryana"
410,25,"Faridabad","Haryana"
411,25,"Hisar","Haryana"
412,25,"Rewari","Haryana"
413,25,"Bhiwani","Haryana"
414,25,"Bhiwani","Haryana"
415,25,"Kaithal","Haryana"
416,25,"Sirsa","Haryana"
417,25,"Faridabad","Haryana"
418,25,"Fatehabad","Haryana"
419,25,"Sonepat","Haryana"
420,25,"Karnal","Haryana"
421,25,"Sonepat","Haryana"
422,25,"Gurgaon","Haryana"
424,25,"Hisar","Haryana"
425,25,"Hisar","Haryana"
426,25,"Palwal","Haryana"
427,25,"Yamuna Nagar","Haryana"
428,25,"Jhajjar","Haryana"
429,25,"Jind","Haryana"
430,25,"Kaithal","Haryana"
431,25,"Sirsa","Haryana"
432,25,"Panchkula","Haryana"
433,25,"Karnal","Haryana"
434,25,"Kurukshetra","Haryana"
435,25,"Hisar","Haryana"
436,25,"Mahendragarh","Haryana"
437,25,"Sirsa","Haryana"
438,25,"Gurgaon","Haryana"
439,25,"Mahendragarh","Haryana"
440,25,"Jind","Haryana"
441,25,"Palwal","Haryana"
442,25,"Panchkula","Haryana"
443,25,"Panipat","Haryana"
444,25,"Kurukshetra","Haryana"
445,25,"Panchkula","Haryana"
446,25,"Panipat","Haryana"
447,25,"Rewari","Haryana"
448,25,"Rohtak","Haryana"
449,25,"Sirsa","Haryana"
450,25,"Sonepat","Haryana"
451,25,"Yamuna Nagar","Haryana"
452,24,"Bilaspur","Himachal Pradesh"
453,24,"Chamba","Himachal Pradesh"
454,24,"Hamirpur","Himachal Pradesh"
455,24,"Kangra","Himachal Pradesh"
456,24,"Kinnaur","Himachal Pradesh"
457,24,"Kullu","Himachal Pradesh"
458,24,"Lahaul And Spiti","Himachal Pradesh"
459,24,"Mandi","Himachal Pradesh"
460,24,"Shimla","Himachal Pradesh"
461,24,"Sirmaur","Himachal Pradesh"
462,24,"Solan","Himachal Pradesh"
463,24,"Una","Himachal Pradesh"
464,2,"Anantnag",
465,2,"Bandipora",
466,2,"Baramulla",
467,2,"Budgam",
468,2,"Doda",
469,2,"Jammu",
470,2,"Kargil",
471,2,"Kathua",
472,2,"Kupwara",
473,2,"Leh",
474,2,"Poonch",
475,2,"Pulwama",
476,2,"Rajouri",
477,2,"Reasi",
478,2,"Shopian",
479,2,"Srinagar",
480,2,"Udhampur",
481,20,"Bokaro","Jharkhand"
482,20,"Ranchi","Jharkhand"
483,20,"Ramgarh","Jharkhand"
484,20,"Bokaro","Jharkhand"
485,20,"West Singhbhum","Jharkhand"
486,20,"West Singhbhum","Jharkhand"
487,20,"Seraikela Kharsawan","Jharkhand"
488,20,"Bokaro","Jharkhand"
489,20,"Chatra","Jharkhand"
490,20,"Dhanbad","Jharkhand"
491,20,"Ranchi","Jharkhand"
492,20,"Palamu","Jharkhand"
493,20,"Deoghar","Jharkhand"
494,20,"Dhanbad","Jharkhand"
495,20,"Dumka","Jharkhand"
496,20,"East Singhbhum","Jharkhand"
497,20,"Garhwa","Jharkhand"
498,20,"East Singhbhum","Jharkhand"
499,20,"Giridih","Jharkhand"
500,20,"Godda","Jharkhand"
501,20,"Dhanbad","Jharkhand"
502,20,"Bokaro","Jharkhand"
503,20,"Gumla","Jharkhand"
504,20,"Hazaribagh","Jharkhand"
505,20,"Palamu","Jharkhand"
506,20,"East Singhbhum","Jharkhand"
507,20,"Jamtara","Jharkhand"
508,20,"Koderma","Jharkhand"
509,20,"Khunti","Jharkhand"
510,20,"Koderma","Jharkhand"
511,20,"Latehar","Jharkhand"
512,20,"Lohardaga","Jharkhand"
513,20,"Deoghar","Jharkhand"
514,20,"Bardhaman","Jharkhand"
515,20,"East Singhbhum","Jharkhand"
516,20,"Pakur","Jharkhand"
517,20,"Ramgarh","Jharkhand"
518,20,"Palamu","Jharkhand"
519,20,"Bokaro","Jharkhand"
520,20,"Ramgarh","Jharkhand"
521,20,"Ranchi","Jharkhand"
522,20,"Sahibganj","Jharkhand"
523,20,"Seraikela Kharsawan","Jharkhand"
524,20,"Simdega","Jharkhand"
525,20,"West Singhbhum","Jharkhand"
527,7,"Dakshina Kannada","Karnataka"
528,7,"Gulbarga","Karnataka"
530,7,"Hassan","Karnataka"
531,7,"Uttara Kannada","Karnataka"
532,7,"Bangalore Urban","Karnataka"
533,7,"Uttara Kannada","Karnataka"
534,7,"Dharwad","Karnataka"
535,7,"Hassan","Karnataka"
536,7,"Hassan","Karnataka"
537,7,"Belagavi","Karnataka"
538,7,"Bidar","Karnataka"
539,7,"Bagalkot","Karnataka"
540,7,"Bellary","Karnataka"
541,7,"Bangalore Urban","Karnataka"
542,7,"Belagavi","Karnataka"
543,7,"Bangalore Urban","Karnataka"
544,7,"Bidar","Karnataka"
545,7,"Bijapur","Karnataka"
546,7,"Chamarajanagar","Karnataka"
547,7,"Chikballapur","Karnataka"
548,7,"Chikkamagaluru","Karnataka"
549,7,"Belagavi","Karnataka"
550,7,"Chikballapur","Karnataka"
551,7,"Chitradurga","Karnataka"
552,7,"Davanagere","Karnataka"
553,7,"Dharwad","Karnataka"
554,7,"Gadag","Karnataka"
555,7,"Gadag","Karnataka"
556,7,"Belagavi","Karnataka"
557,7,"Gulbarga","Karnataka"
558,7,"Chamarajanagar","Karnataka"
559,7,"Hassan","Karnataka"
560,7,"Haveri","Karnataka"
561,7,"Bellary","Karnataka"
562,7,"Dharwad","Karnataka"
563,7,"Belagavi","Karnataka"
564,7,"Udupi","Karnataka"
565,7,"Gulbarga","Karnataka"
566,7,"Uttara Kannada","Karnataka"
567,7,"Kodagu","Karnataka"
568,7,"Kolar","Karnataka"
569,7,"Udupi","Karnataka"
570,7,"Koppal","Karnataka"
571,7,"Belagavi","Karnataka"
572,7,"Raichur","Karnataka"
573,7,"Ramanagara","Karnataka"
574,7,"Dakshina Kannada","Karnataka"
575,7,"Raichur","Karnataka"
576,7,"Mandya","Karnataka"
577,7,"Tumkur","Karnataka"
578,7,"Kodagu","Karnataka"
579,7,"Bagalkot","Karnataka"
580,7,"Mandya","Karnataka"
581,7,"Mandya","Karnataka"
582,7,"Dakshina Kannada","Karnataka"
583,7,"Dakshina Kannada","Karnataka"
584,7,"Belagavi","Karnataka"
585,7,"Bijapur","Karnataka"
586,7,"Bagalkot","Karnataka"
587,7,"Kolar","Karnataka"
588,7,"Gadag","Karnataka"
589,7,"Mysuru","Karnataka"
590,7,"Mysuru","Karnataka"
591,7,"Gulbarga","Karnataka"
592,7,"Tumkur","Karnataka"
593,7,"Mysuru","Karnataka"
594,7,"Dakshina Kannada","Karnataka"
595,7,"Raichur","Karnataka"
596,7,"Ramanagara","Karnataka"
597,7,"Shimoga","Karnataka"
598,7,"Tumkur","Karnataka"
599,7,"Udupi","Karnataka"
600,7,"Uttara Kannada","Karnataka"
601,7,"Yadgir","Karnataka"
602,8,"Pathanamthitta","Kerala"
603,8,"Thrissur","Kerala"
604,8,"Alappuzha","Kerala"
605,8,"Kannur","Kerala"
606,8,"Kozhikode","Kerala"
607,8,"Thrissur","Kerala"
608,8,"Thiruvananthapuram","Kerala"
609,8,"Thrissur","Kerala"
610,8,"Thrissur","Kerala"
611,8,"Kottayam","Kerala"
612,8,"Ernakulam","Kerala"
613,8,"Alappuzha","Kerala"
614,8,"Alappuzha","Kerala"
615,8,"Kannur","Kerala"
616,8,"Palakkad","Kerala"
617,8,"Kannur","Kerala"
618,8,"Ernakulam","Kerala"
619,8,"Kottayam","Kerala"
620,8,"Thrissur","Kerala"
621,8,"Idukki","Kerala"
622,8,"Thrissur","Kerala"
623,8,"Kannur","Kerala"
624,8,"Kannur","Kerala"
625,8,"Wayanad","Kerala"
626,8,"Kasaragod","Kerala"
627,8,"Alappuzha","Kerala"
628,8,"Kannur","Kerala"
629,8,"Kasaragod","Kerala"
630,8,"Alappuzha","Kerala"
631,8,"Ernakulam","Kerala"
632,8,"Thrissur","Kerala"
633,8,"Kollam","Kerala"
634,8,"Kannur","Kerala"
635,8,"Ernakulam","Kerala"
636,8,"Kottayam","Kerala"
637,8,"Kozhikode","Kerala"
638,8,"Thrissur","Kerala"
639,8,"Mahe","Puducherry"
640,8,"Malappuram","Kerala"
641,8,"Kannur","Kerala"
642,8,"Alappuzha","Kerala"
643,8,"Kozhikode","Kerala"
644,8,"Ernakulam","Kerala"
645,8,"Thiruvananthapuram","Kerala"
646,8,"Thiruvananthapuram","Kerala"
647,8,"Malappuram","Kerala"
648,8,"Palakkad","Kerala"
649,8,"Kottayam","Kerala"
650,8,"Palakkad","Kerala"
651,8,"Kottayam","Kerala"
652,8,"Kannur","Kerala"
653,8,"Kannur","Kerala"
654,8,"Kollam","Kerala"
655,8,"Pathanamthitta","Kerala"
656,8,"Kannur","Kerala"
657,8,"Malappuram","Kerala"
658,8,"Ernakulam","Kerala"
659,8,"Kottayam","Kerala"
660,8,"Malappuram","Kerala"
661,8,"Kollam","Kerala"
662,8,"Kottayam","Kerala"
663,8,"Thrissur","Kerala"
664,8,"Wayanad","Kerala"
665,19,"Lakshadweep",
666,19,,"Lakshadweep"
667,26,"Jhabua","Madhya Pradesh"
668,26,"Anuppur","Madhya Pradesh"
669,26,"Ashoknagar","Madhya Pradesh"
670,26,"Tikamgarh","Madhya Pradesh"
671,26,"Balaghat","Madhya Pradesh"
672,26,"Barwani","Madhya Pradesh"
673,26,"Betul","Madhya Pradesh"
674,26,"Bhind","Madhya Pradesh"
675,26,"Bhopal","Madhya Pradesh"
676,26,"Burhanpur","Madhya Pradesh"
677,26,"Chhatarpur","Madhya Pradesh"
678,26,"Chhindwara","Madhya Pradesh"
679,26,"Satna","Madhya Pradesh"
680,26,"Gwalior","Madhya Pradesh"
681,26,"Damoh","Madhya Pradesh"
682,26,"Datia","Madhya Pradesh"
683,26,"Dewas","Madhya Pradesh"
684,26,"Dhar","Madhya Pradesh"
685,26,"Dindori","Madhya Pradesh"
686,26,,"Madhya Pradesh"
687,26,"Guna","Madhya Pradesh"
688,26,"Gwalior","Madhya Pradesh"
689,26,"Harda","Madhya Pradesh"
690,26,"Hoshangabad","Madhya Pradesh"
691,26,"Indore","Madhya Pradesh"
692,26,"Jabalpur","Madhya Pradesh"
693,26,"Jhabua","Madhya Pradesh"
694,26,"Morena","Madhya Pradesh"
695,26,"Katni","Madhya Pradesh"
696,26,"Khandwa","Madhya Pradesh"
697,26,"Khargone","Madhya Pradesh"
698,26,"Sagar","Madhya Pradesh"
699,26,"Anuppur","Madhya Pradesh"
700,26,"Bhind","Madhya Pradesh"
702,26,"Chhatarpur","Madhya Pradesh"
703,26,"Ashoknagar","Madhya Pradesh"
704,26,"Satna","Madhya Pradesh"
705,26,"Balaghat","Madhya Pradesh"
706,26,"Mandla","Madhya Pradesh"
707,26,"Neemuch","Madhya Pradesh"
708,26,"Dhar","Madhya Pradesh"
709,26,"Raisen","Madhya Pradesh"
710,26,"Mandla","Madhya Pradesh"
711,26,"Mandsaur","Madhya Pradesh"
712,26,"Rewa","Madhya Pradesh"
713,26,"Indore","Madhya Pradesh"
714,26,"Indore","Madhya Pradesh"
715,26,"Morena","Madhya Pradesh"
716,26,"Betul","Madhya Pradesh"
717,26,"Katni","Madhya Pradesh"
718,26,"Ujjain","Madhya Pradesh"
719,26,"Mandla","Madhya Pradesh"
720,26,"Rajgarh","Madhya Pradesh"
721,26,"Rajgarh","Madhya Pradesh"
722,26,"Narsinghpur","Madhya Pradesh"
723,26,"Neemuch","Madhya Pradesh"
724,26,"Khandwa","Madhya Pradesh"
725,26,"Tikamgarh","Madhya Pradesh"
726,26,"Chhatarpur","Madhya Pradesh"
727,26,"Umaria","Madhya Pradesh"
728,26,"Rajgarh","Madhya Pradesh"
729,26,"Umaria","Madhya Pradesh"
730,26,"Jabalpur","Madhya Pradesh"
731,26,"Chhindwara","Madhya Pradesh"
732,26,"Panna","Madhya Pradesh"
733,26,"Anuppur","Madhya Pradesh"
734,26,"Hoshangabad","Madhya Pradesh"
735,26,,"Madhya Pradesh"
736,26,"Morena","Madhya Pradesh"
737,26,"Tikamgarh","Madhya Pradesh"
738,26,"Raisen","Madhya Pradesh"
739,26,"Rajgarh","Madhya Pradesh"
740,26,"Ratlam","Madhya Pradesh"
741,26,"Rewa","Madhya Pradesh"
742,26,"Sagar","Madhya Pradesh"
743,26,"Satna","Madhya Pradesh"
744,26,"Sehore","Madhya Pradesh"
745,26,"Seoni","Madhya Pradesh"
746,26,"Shahdol","Madhya Pradesh"
747,26,"Shajapur","Madhya Pradesh"
748,26,"Sheopur","Madhya Pradesh"
749,26,"Shivpuri","Madhya Pradesh"
750,26,"Sidhi","Madhya Pradesh"
751,26,"Singrauli","Madhya Pradesh"
752,26,"Tikamgarh","Madhya Pradesh"
753,26,"Ujjain","Madhya Pradesh"
754,26,"Umaria","Madhya Pradesh"
755,26,"Vidisha","Madhya Pradesh"
756,3,"Amravati","Maharashtra"
757,3,"Ahmednagar","Maharashtra"
758,3,"Latur","Maharashtra"
759,3,"Sindhudurg","Maharashtra"
760,3,"Solapur","Maharashtra"
761,3,"Akola","Maharashtra"
762,3,"Akola","Maharashtra"
763,3,"Pune","Maharashtra"
764,3,"Raigad","Maharashtra"
765,3,"Beed","Maharashtra"
766,3,"Solapur","Maharashtra"
767,3,"Beed","Maharashtra"
768,3,"Raigad","Maharashtra"
769,3,"Amravati","Maharashtra"
770,3,"Solapur","Maharashtra"
771,3,"Wardha","Maharashtra"
772,3,"Sangli","Maharashtra"
773,3,"Aurangabad","Maharashtra"
774,3,"Latur","Maharashtra"
775,3,"Pune","Maharashtra"
776,3,"Bhandara","Maharashtra"
777,3,"Beed","Maharashtra"
778,3,"Thane","Maharashtra"
779,3,"Jalgaon","Maharashtra"
780,3,"Buldhana","Maharashtra"
781,3,"Jalgaon","Maharashtra"
782,3,"Chandrapur","Maharashtra"
783,3,"Thane","Maharashtra"
784,3,"Ratnagiri","Maharashtra"
785,3,"Pune","Maharashtra"
786,3,"Sindhudurg","Maharashtra"
787,3,"Dhule","Maharashtra"
788,3,"Thane","Maharashtra"
789,3,"Ahmednagar","Maharashtra"
790,3,"Gadchiroli","Maharashtra"
791,3,"Yavatmal","Maharashtra"
792,3,"Gondia","Maharashtra"
793,3,"Hingoli","Maharashtra"
794,3,"Kolhapur","Maharashtra"
795,3,"Jalgaon","Maharashtra"
796,3,"Jalna","Maharashtra"
797,3,"Pune","Maharashtra"
798,3,"Thane","Maharashtra"
799,3,"Nagpur","Maharashtra"
800,3,"Satara","Maharashtra"
801,3,"Raigad","Maharashtra"
802,3,"Kolhapur","Maharashtra"
803,3,"Latur","Maharashtra"
804,3,"Nanded","Maharashtra"
805,3,"Buldhana","Maharashtra"
806,3,"Pune","Maharashtra"
807,3,"Satara","Maharashtra"
808,3,"Raigad","Maharashtra"
809,3,"Thane","Maharashtra"
810,3,"Nashik","Maharashtra"
811,3,"Buldhana","Maharashtra"
812,3,"Pune","Maharashtra"
813,3,"Solapur","Maharashtra"
814,3,"Washim","Maharashtra"
815,3,"Beed","Maharashtra"
816,3,"Nashik","Maharashtra"
817,3,"Parbhani","Maharashtra"
818,3,"Buldhana","Maharashtra"
819,3,"Satara","Maharashtra"
820,3,"Thane","Maharashtra"
821,3,"Sangli","Maharashtra"
822,3,"Amravati","Maharashtra"
823,3,"Nanded","Maharashtra"
824,3,"Chandrapur","Maharashtra"
825,3,"Mumbai","Maharashtra"
826,3,"Akola","Maharashtra"
827,3,"Nagpur","Maharashtra"
828,3,"Thane","Maharashtra"
829,3,"Nanded","Maharashtra"
830,3,"Raigad","Maharashtra"
831,3,"Buldhana","Maharashtra"
832,3,"Nandurbar","Maharashtra"
833,3,"Solapur","Maharashtra"
834,3,"Nashik","Maharashtra"
835,3,"Thane","Maharashtra"
836,3,"Nandurbar","Maharashtra"
837,3,"Latur","Maharashtra"
838,3,"Osmanabad","Maharashtra"
839,3,"Nashik","Maharashtra"
840,3,"Jalgaon","Maharashtra"
841,3,"Aurangabad","Maharashtra"
842,3,"Palghar","Maharashtra"
843,3,"Yavatmal","Maharashtra"
844,3,"Solapur","Maharashtra"
845,3,"Raigad","Maharashtra"
846,3,"Parbhani","Maharashtra"
847,3,"Beed","Maharashtra"
848,3,"Jalgaon","Maharashtra"
849,3,"Jalna","Maharashtra"
850,3,"Ahmednagar","Maharashtra"
851,3,"Parbhani","Maharashtra"
852,3,"Akola","Maharashtra"
853,3,"Bhandara","Maharashtra"
854,3,"Raigad","Maharashtra"
855,3,"Satara","Maharashtra"
856,3,"Wardha","Maharashtra"
857,3,"Pune","Maharashtra"
858,3,"Parbhani","Maharashtra"
859,3,"Yavatmal","Maharashtra"
860,3,"Raigad","Maharashtra"
861,3,"Ratnagiri","Maharashtra"
862,3,"Sangli","Maharashtra"
863,3,"Satara","Maharashtra"
864,3,"Sindhudurg","Maharashtra"
865,3,"Solapur","Maharashtra"
866,3,"Thane","Maharashtra"
867,3,"Wardha","Maharashtra"
868,3,"Washim","Maharashtra"
869,3,"Yavatmal","Maharashtra"
870,32,"Bishnupur","Manipur"
871,32,"Chandel","Manipur"
872,32,"Churachandpur","Manipur"
873,32,"Imphal East","Manipur"
874,32,"Imphal West","Manipur"
875,32,"Senapati","Manipur"
876,32,"Tamenglong","Manipur"
877,32,"Thoubal","Manipur"
878,32,"Ukhrul","Manipur"
879,33,"East Garo Hills","Meghalaya"
880,33,"East Khasi Hills","Meghalaya"
881,33,"West Jaintia Hills","Meghalaya"
882,33,"Ri-Bhoi","Meghalaya"
883,33,"South Garo Hills","Meghalaya"
884,33,"West Garo Hills","Meghalaya"
885,33,"West Khasi Hills","Meghalaya"
886,13,"Aizawl","Mizoram"
887,13,"Champhai","Mizoram"
888,13,"Kolasib","Mizoram"
889,13,"Lawngtlai","Mizoram"
890,13,"Lunglei","Mizoram"
891,13,"Mamit","Mizoram"
892,13,"Saiha","Mizoram"
893,13,"Serchhip","Mizoram"
894,30,"Dimapur","Nagaland"
895,30,"Kiphire","Nagaland"
896,30,"Kohima","Nagaland"
897,30,"Longleng","Nagaland"
898,30,"Mokokchung","Nagaland"
899,30,"Mon","Nagaland"
900,30,"Peren","Nagaland"
901,30,"Phek","Nagaland"
902,30,"Tuensang","Nagaland"
903,30,"Wokha","Nagaland"
904,30,"Zunheboto","Nagaland"
905,22,"Kendujhar","Odisha"
906,22,"Angul","Odisha"
907,22,"Angul","Odisha"
908,22,"Ganjam","Odisha"
909,22,"Balangir","Odisha"
910,22,"Balasore","Odisha"
911,22,"Balasore","Odisha"
912,22,"Sundargarh","Odisha"
913,22,"Kendujhar","Odisha"
914,22,"Bargarh","Odisha"
915,22,"Bargarh","Odisha"
916,22,"Mayurbhanj","Odisha"
917,22,"Bhadrak","Odisha"
918,22,"Jharsuguda","Odisha"
919,22,"Ganjam","Odisha"
920,22,"Bhadrak","Odisha"
921,22,"Kalahandi","Odisha"
922,22,"Dhenkanal","Odisha"
923,22,"Khordha","Odisha"
924,22,"Sundargarh","Odisha"
925,22,"Boudh","Odisha"
926,22,"Ganjam","Odisha"
927,22,"Jharsuguda","Odisha"
928,22,"Sambalpur","Odisha"
929,22,"Jajpur","Odisha"
930,22,"Cuttack","Odisha"
931,22,"Deogarh","Odisha"
932,22,"Dhenkanal","Odisha"
933,22,"Deogarh","Odisha"
934,22,"Ganjam","Odisha"
935,22,"Gajapati","Odisha"
936,22,"Rayagada","Odisha"
937,22,"Ganjam","Odisha"
938,22,"Jagatsinghpur","Odisha"
939,22,"Jajpur","Odisha"
940,22,"Balasore","Odisha"
941,22,"Khordha","Odisha"
942,22,"Koraput","Odisha"
943,22,"Jharsuguda","Odisha"
944,22,"Kendujhar","Odisha"
945,22,"Kalahandi","Odisha"
946,22,"Balangir","Odisha"
947,22,"Mayurbhanj","Odisha"
948,22,"Kendrapara","Odisha"
949,22,"Kendujhar","Odisha"
950,22,"Kandhamal","Odisha"
951,22,"Khordha","Odisha"
952,22,"Koraput","Odisha"
953,22,"Sambalpur","Odisha"
955,22,"Malkangiri","Odisha"
956,22,"Mayurbhanj","Odisha"
957,22,"Nabarangpur","Odisha"
958,22,"Nayagarh","Odisha"
959,22,"Nuapada","Odisha"
960,22,"Jagatsinghpur","Odisha"
961,22,"Gajapati","Odisha"
962,22,"Kendrapara","Odisha"
963,22,"Kandhamal","Odisha"
964,22,"Puri","Odisha"
965,22,"Rayagada","Odisha"
966,22,"Sambalpur","Odisha"
967,22,"Subarnapur","Odisha"
968,22,"Sundargarh","Odisha"
969,34,"Karaikal","Puducherry"
970,34,"Mahe","Puducherry"
971,34,"Pondicherry","Puducherry"
972,12,"Sangrur","Punjab"
973,12,"Amritsar","Punjab"
974,12,"Barnala","Punjab"
975,12,"Gurdaspur","Punjab"
976,12,"Bathinda","Punjab"
977,12,"Moga","Punjab"
978,12,"Mansa","Punjab"
979,12,"Hoshiarpur","Punjab"
980,12,"Sangrur","Punjab"
981,12,"Gurdaspur","Punjab"
982,12,"Faridkot","Punjab"
983,12,"Fazilka","Punjab"
984,12,"Ferozepur","Punjab"
985,12,"Ferozepur","Punjab"
986,12,"Fatehgarh Sahib","Punjab"
987,12,"Sri Muktsar Sahib","Punjab"
988,12,"Ludhiana","Punjab"
989,12,"Gurdaspur","Punjab"
990,12,"Hoshiarpur","Punjab"
991,12,"Ludhiana","Punjab"
992,12,"Faridkot","Punjab"
993,12,"Fazilka","Punjab"
994,12,"Jalandhar","Punjab"
995,12,"Jalandhar","Punjab"
996,12,"Jalandhar","Punjab"
997,12,"Hoshiarpur","Punjab"
998,12,"Kapurthala","Punjab"
999,12,"Sahibzada Ajit Singh Nagar","Punjab"
1000,12,"Jalandhar","Punjab"
1001,12,"Ludhiana","Punjab"
1002,12,"Sahibzada Ajit Singh Nagar","Punjab"
1003,12,"Faridkot","Punjab"
1004,12,"Sahibzada Ajit Singh Nagar","Punjab"
1005,12,"Sangrur","Punjab"
1006,12,"Ludhiana","Punjab"
1007,12,"Sangrur","Punjab"
1008,12,"Sri Muktsar Sahib","Punjab"
1009,12,"Mansa","Punjab"
1010,12,"Bathinda","Punjab"
1011,12,"Moga","Punjab"
1012,12,"Sahibzada Ajit Singh Nagar","Punjab"
1013,12,"Rupnagar","Punjab"
1014,12,"Sri Muktsar Sahib","Punjab"
1015,12,"Hoshiarpur","Punjab"
1016,12,"Sri Muktsar Sahib","Punjab"
1017,12,"Patiala","Punjab"
1018,12,"Jalandhar","Punjab"
1019,12,"Rupnagar","Punjab"
1020,12,"Shaheed Bhagat Singh Nagar","Punjab"
1021,12,"Pathankot","Punjab"
1022,12,"Patiala","Punjab"
1023,12,"Patiala","Punjab"
1024,12,"Tarn Taran","Punjab"
1025,12,"Kapurthala","Punjab"
1026,12,"Jalandhar","Punjab"
1027,12,"Rupnagar","Punjab"
1028,12,"Sangrur","Punjab"
1029,12,"Shaheed Bhagat Singh Nagar","Punjab"
1030,12,"Tarn Taran","Punjab"
1031,14,"Ajmer","Rajasthan"
1032,14,"Alwar","Rajasthan"
1033,14,"Pali","Rajasthan"
1034,14,"Dausa","Rajasthan"
1035,14,"Banswara","Rajasthan"
1036,14,"Baran","Rajasthan"
1037,14,"Barmer","Rajasthan"
1038,14,"Ajmer","Rajasthan"
1039,14,"Bharatpur","Rajasthan"
1040,14,"Bhilwara","Rajasthan"
1041,14,"Jalore","Rajasthan"
1042,14,"Bikaner","Rajasthan"
1043,14,"Jodhpur","Rajasthan"
1044,14,"Alwar","Rajasthan"
1045,14,"Bundi","Rajasthan"
1046,14,"Chittaurgarh","Rajasthan"
1047,14,"Churu","Rajasthan"
1048,14,"Dausa","Rajasthan"
1049,14,"Dhaulpur","Rajasthan"
1050,14,"Pali","Rajasthan"
1051,14,"Dungarpur","Rajasthan"
1052,14,"Pali","Rajasthan"
1053,14,"Sikar","Rajasthan"
1054,14,"Sri Ganganagar","Rajasthan"
1055,14,"Hanumangarh","Rajasthan"
1056,14,"Sikar","Rajasthan"
1057,14,"Jaipur","Rajasthan"
1058,14,"Jaisalmer","Rajasthan"
1059,14,"Pali","Rajasthan"
1060,14,"Jalore","Rajasthan"
1061,14,"Jhalawar","Rajasthan"
1062,14,"Jhunjhunu","Rajasthan"
1063,14,"Jodhpur","Rajasthan"
1064,14,"Karauli","Rajasthan"
1065,14,"Kota","Rajasthan"
1066,14,"Alwar","Rajasthan"
1067,14,"Nagaur","Rajasthan"
1068,14,"Bundi","Rajasthan"
1069,14,"Dausa","Rajasthan"
1070,14,"Sikar","Rajasthan"
1071,14,"Dausa","Rajasthan"
1072,14,"Nagaur","Rajasthan"
1073,14,"Tonk","Rajasthan"
1074,14,"Bhilwara","Rajasthan"
1075,14,"Jhunjhunu","Rajasthan"
1076,14,"Baran","Rajasthan"
1077,14,"Nagaur","Rajasthan"
1078,14,"Sirohi","Rajasthan"
1079,14,"Bharatpur","Rajasthan"
1080,14,"Bharatpur","Rajasthan"
1081,14,"Nagaur","Rajasthan"
1082,14,"Gadag","Karnataka"
1083,14,"Ajmer","Rajasthan"
1084,14,"Rajsamand","Rajasthan"
1086,14,"Jhunjhunu","Rajasthan"
1087,14,"Sikar","Rajasthan"
1089,14,"Chittaurgarh","Rajasthan"
1090,14,"Tonk","Rajasthan"
1091,14,"Hanumangarh","Rajasthan"
1092,14,"Bikaner","Rajasthan"
1093,14,"Pali","Rajasthan"
1094,14,"Nagaur","Rajasthan"
1095,14,"Jaipur","Rajasthan"
1096,14,"Jhunjhunu","Rajasthan"
1097,14,"Hanumangarh","Rajasthan"
1098,14,"Sirohi","Rajasthan"
1099,14,"Jodhpur","Rajasthan"
1101,14,"Pratapgarh","Rajasthan"
1102,14,"Rajsamand","Rajasthan"
1103,14,"Sawai Madhopur","Rajasthan"
1104,14,"Sikar","Rajasthan"
1105,14,"Sirohi","Rajasthan"
1106,14,"Tonk","Rajasthan"
1107,14,"Udaipur","Rajasthan"
1108,31,"East Sikkim","Sikkim"
1109,31,"North Sikkim","Sikkim"
1110,31,"South Sikkim","Sikkim"
1111,31,"West Sikkim","Sikkim"
1112,23,"Vellore","Tamil Nadu"
1113,23,"Vellore","Tamil Nadu"
1114,23,"Ariyalur","Tamil Nadu"
1115,23,"Virudhunagar","Tamil Nadu"
1116,23,"Erode","Tamil Nadu"
1117,23,"Kanchipuram","Tamil Nadu"
1118,23,"Chennai","Tamil Nadu"
1119,23,"Villupuram","Tamil Nadu"
1120,23,"Coimbatore","Tamil Nadu"
1121,23,"Nilgiris","Tamil Nadu"
1122,23,"Cuddalore","Tamil Nadu"
1123,23,"Dharmapuri","Tamil Nadu"
1124,23,"Dindigul","Tamil Nadu"
1125,23,"Erode","Tamil Nadu"
1126,23,"Villupuram","Tamil Nadu"
1127,23,"Erode","Tamil Nadu"
1128,23,"Coimbatore","Tamil Nadu"
1129,23,"Coimbatore","Tamil Nadu"
1130,23,"Coimbatore","Tamil Nadu"
1131,23,"Ariyalur","Tamil Nadu"
1132,23,"Kanchipuram","Tamil Nadu"
1133,23,"Kanyakumari","Tamil Nadu"
1134,23,"Sivaganga","Tamil Nadu"
1135,23,"Kanyakumari","Tamil Nadu"
1136,23,"Karur","Tamil Nadu"
1137,23,"Kanyakumari","Tamil Nadu"
1138,23,"Krishnagiri","Tamil Nadu"
1139,23,"Tiruchirappalli","Tamil Nadu"
1140,23,"Madurai","Tamil Nadu"
1141,23,"Nagapattinam","Tamil Nadu"
1142,23,"Kanyakumari","Tamil Nadu"
1143,23,"Namakkal","Tamil Nadu"
1144,23,"Namakkal","Tamil Nadu"
1145,23,"Kanchipuram","Tamil Nadu"
1146,23,"Thanjavur","Tamil Nadu"
1147,23,"Dindigul","Tamil Nadu"
1148,23,"Cuddalore","Tamil Nadu"
1149,23,"Cuddalore","Tamil Nadu"
1150,23,"Nilgiris","Tamil Nadu"
1151,23,"Nilgiris","Tamil Nadu"
1152,23,"Dindigul","Tamil Nadu"
1153,23,"Salem","Tamil Nadu"
1154,23,"Kanyakumari","Tamil Nadu"
1155,23,"Kanyakumari","Tamil Nadu"
1156,23,"Dindigul","Tamil Nadu"
1157,23,"Tiruppur","Tamil Nadu"
1158,23,"Karur","Tamil Nadu"
1159,23,"Vellore","Tamil Nadu"
1160,23,"Tirunelveli","Tamil Nadu"
1161,23,"Cuddalore","Tamil Nadu"
1162,23,"Ramanathapuram","Tamil Nadu"
1163,23,"Cuddalore","Tamil Nadu"
1164,23,"Thanjavur","Tamil Nadu"
1165,23,"Perambalur","Tamil Nadu"
1166,23,"Thanjavur","Tamil Nadu"
1167,23,"Theni","Tamil Nadu"
1168,23,"Erode","Tamil Nadu"
1169,23,"Vellore","Tamil Nadu"
1170,23,"Coimbatore","Tamil Nadu"
1171,23,"Tiruvannamalai","Tamil Nadu"
1172,23,"Tiruvallur","Tamil Nadu"
1173,23,"Pudukkottai","Tamil Nadu"
1174,23,"Kanchipuram","Tamil Nadu"
1175,23,"Tirunelveli","Tamil Nadu"
1176,23,"Karur","Tamil Nadu"
1177,23,"Coimbatore","Tamil Nadu"
1178,23,"Salem","Tamil Nadu"
1179,23,"Sivaganga","Tamil Nadu"
1180,23,"Thanjavur","Tamil Nadu"
1181,23,"Theni","Tamil Nadu"
1182,23,"Tiruchirappalli","Tamil Nadu"
1183,23,"Tirunelveli","Tamil Nadu"
1184,23,"Tiruvallur","Tamil Nadu"
1185,23,"Tiruvannamalai","Tamil Nadu"
1186,23,"Thiruvarur","Tamil Nadu"
1187,23,"Thoothukudi","Tamil Nadu"
1188,23,"Vellore","Tamil Nadu"
1189,23,"Villupuram","Tamil Nadu"
1190,23,"Virudhunagar","Tamil Nadu"
1191,37,"Adilabad","Telangana"
1192,37,,"Telangana"
1193,37,"Karimnagar","Telangana"
1194,37,"Khammam","Telangana"
1195,37,"Mahabubnagar","Telangana"
1196,37,"Medak","Telangana"
1197,37,"Nalgonda","Telangana"
1198,37,"Nizamabad","Telangana"
1199,37,"Ranga Reddy","Telangana"
1200,37,"Warangal","Telangana"
1201,10,"West Tripura","Tripura"
1202,10,"West Tripura","Tripura"
1203,10,"Dhalai","Tripura"
1204,10,"North Tripura","Tripura"
1205,10,"South Tripura","Tripura"
1206,10,"West Tripura","Tripura"
1207,10,"North Tripura","Tripura"
1208,10,"West Tripura","Tripura"
1209,10,"West Tripura","Tripura"
1210,10,"North Tripura","Tripura"
1211,10,"West Tripura","Tripura"
1212,10,"West Tripura","Tripura"
1213,4,"Mathura","Uttar Pradesh"
1214,4,"Mau","Uttar Pradesh"
1215,4,"Agra","Uttar Pradesh"
1216,4,"Aligarh","Uttar Pradesh"
1217,4,"Allahabad","Uttar Pradesh"
1218,4,"Ambedkar Nagar","Uttar Pradesh"
1219,4,"Amroha","Uttar Pradesh"
1220,4,"Auraiya","Uttar Pradesh"
1221,4,"Azamgarh","Uttar Pradesh"
1222,4,"Badaun","Uttar Pradesh"
1223,4,"Bagpat","Uttar Pradesh"
1224,4,"Bahraich","Uttar Pradesh"
1225,4,"Ballia","Uttar Pradesh"
1226,4,"Balrampur","Uttar Pradesh"
1227,4,"Banda","Uttar Pradesh"
1228,4,"Barabanki","Uttar Pradesh"
1229,4,"Bareilly","Uttar Pradesh"
1230,4,"Etawah","Uttar Pradesh"
1231,4,"Bijnor","Uttar Pradesh"
1232,4,"Badaun","Uttar Pradesh"
1233,4,"Bulandshahar","Uttar Pradesh"
1234,4,"Etah","Uttar Pradesh"
1235,4,"Chandauli","Uttar Pradesh"
1236,4,"Sambhal","Uttar Pradesh"
1237,4,"Mahoba","Uttar Pradesh"
1238,4,"Chitrakoot","Uttar Pradesh"
1239,4,"Gautam Buddh Nagar","Uttar Pradesh"
1240,4,"Deoria","Uttar Pradesh"
1241,4,"Bijnor","Uttar Pradesh"
1242,4,"Etah","Uttar Pradesh"
1243,4,"Etawah","Uttar Pradesh"
1244,4,"Faizabad","Uttar Pradesh"
1245,4,"Farrukhabad","Uttar Pradesh"
1246,4,"Agra","Uttar Pradesh"
1247,4,"Farrukhabad","Uttar Pradesh"
1248,4,"Fatehpur","Uttar Pradesh"
1249,4,"Fatehpur","Uttar Pradesh"
1250,4,"Unnao","Uttar Pradesh"
1251,4,"Agra","Uttar Pradesh"
1252,4,"Firozabad","Uttar Pradesh"
1253,4,"Kanpur Nagar","Uttar Pradesh"
1254,4,"Gautam Buddh Nagar","Uttar Pradesh"
1255,4,"Ghaziabad","Uttar Pradesh"
1256,4,"Ghazipur","Uttar Pradesh"
1257,4,"Gonda","Uttar Pradesh"
1258,4,"Gorakhpur","Uttar Pradesh"
1259,4,"Gautam Buddh Nagar","Uttar Pradesh"
1260,4,"Hamirpur","Uttar Pradesh"
1261,4,"Ghaziabad","Uttar Pradesh"
1262,4,"Hardoi","Uttar Pradesh"
1263,4,"Meerut","Uttar Pradesh"
1264,4,"Hathras","Uttar Pradesh"
1265,4,"Rae Bareli","Uttar Pradesh"
1266,4,"Hardoi","Uttar Pradesh"
1267,4,"Jalaun","Uttar Pradesh"
1268,4,"Jaunpur","Uttar Pradesh"
1269,4,"Jhansi","Uttar Pradesh"
1270,4,"Amroha","Uttar Pradesh"
1271,4,"Kannauj","Uttar Pradesh"
1272,4,"Jalaun","Uttar Pradesh"
1273,4,"Kanpur Nagar","Uttar Pradesh"
1274,4,"Kanpur Nagar","Uttar Pradesh"
1275,4,"Kaushambi","Uttar Pradesh"
1276,4,"Lakhimpur Kheri","Uttar Pradesh"
1277,4,"Sonbhadra","Uttar Pradesh"
1278,4,"Mahoba","Uttar Pradesh"
1279,4,"Kushinagar","Uttar Pradesh"
1280,4,"Sitapur","Uttar Pradesh"
1281,4,"Lakhimpur Kheri","Uttar Pradesh"
1282,4,"Pratapgarh","Uttar Pradesh"
1283,4,"Mirzapur","Uttar Pradesh"
1284,4,"Lalitpur","Uttar Pradesh"
1285,4,"Deoria","Uttar Pradesh"
1286,4,"Ghaziabad","Uttar Pradesh"
1287,4,"Lucknow","Uttar Pradesh"
1288,4,"Mahoba","Uttar Pradesh"
1289,4,"Maharajganj","Uttar Pradesh"
1290,4,"Mainpuri","Uttar Pradesh"
1291,4,"Mathura","Uttar Pradesh"
1292,4,"Mau","Uttar Pradesh"
1293,4,"Meerut","Uttar Pradesh"
1294,4,"Mirzapur","Uttar Pradesh"
1295,4,"Ghaziabad","Uttar Pradesh"
1296,4,"Moradabad","Uttar Pradesh"
1297,4,"Ghaziabad","Uttar Pradesh"
1298,4,"Muzaffarnagar","Uttar Pradesh"
1299,4,"Bijnor","Uttar Pradesh"
1300,4,"Bijnor","Uttar Pradesh"
1301,4,"Saharanpur","Uttar Pradesh"
1302,4,"Bahraich","Uttar Pradesh"
1303,4,"Bulandshahar","Uttar Pradesh"
1304,4,"Amroha","Uttar Pradesh"
1305,4,"Maharajganj","Uttar Pradesh"
1306,4,"Gonda","Uttar Pradesh"
1307,4,"Bijnor","Uttar Pradesh"
1308,4,"Gautam Buddh Nagar","Uttar Pradesh"
1309,4,"Bijnor","Uttar Pradesh"
1310,4,"Sonbhadra","Uttar Pradesh"
1311,4,"Jalaun","Uttar Pradesh"
1312,4,"Kushinagar","Uttar Pradesh"
1313,4,"Lakhimpur Kheri","Uttar Pradesh"
1314,4,"Sonbhadra","Uttar Pradesh"
1315,4,"Allahabad","Uttar Pradesh"
1316,4,"Hardoi","Uttar Pradesh"
1317,4,"Pilibhit","Uttar Pradesh"
1318,4,"Hapur","Uttar Pradesh"
1319,4,"Shahjahanpur","Uttar Pradesh"
1320,4,"Pratapgarh","Uttar Pradesh"
1321,4,"Kanpur Dehat","Uttar Pradesh"
1322,4,"Pilibhit","Uttar Pradesh"
1323,4,"Muzaffarnagar","Uttar Pradesh"
1324,4,"Unnao","Uttar Pradesh"
1325,4,"Rae Bareli","Uttar Pradesh"
1326,4,"Kanpur Dehat","Uttar Pradesh"
1327,4,"Rampur","Uttar Pradesh"
1328,4,"Saharanpur","Uttar Pradesh"
1329,4,"Sant Kabir Nagar","Uttar Pradesh"
1330,4,"Sant Ravidas Nagar","Uttar Pradesh"
1331,4,"Shahjahanpur","Uttar Pradesh"
1332,4,"Shrawasti","Uttar Pradesh"
1333,4,"Siddharthnagar","Uttar Pradesh"
1334,4,"Sitapur","Uttar Pradesh"
1335,4,"Sonbhadra","Uttar Pradesh"
1336,4,"Sultanpur","Uttar Pradesh"
1337,4,"Unnao","Uttar Pradesh"
1338,4,"Varanasi","Uttar Pradesh"
1339,16,"Almora","Uttarakhand"
1340,16,"Bageshwar","Uttarakhand"
1341,16,"Udham Singh Nagar","Uttarakhand"
1342,16,"Pithoragharh","Uttarakhand"
1343,16,"Chamoli","Uttarakhand"
1344,16,"Tehri Garhwal","Uttarakhand"
1345,16,"Champawat","Uttarakhand"
1346,16,"Pithoragarh","Uttarakhand"
1347,16,"Dehradun","Uttarakhand"
1348,16,"Nainital","Uttarakhand"
1349,16,"Haridwar","Uttarakhand"
1350,16,"Udham Singh Nagar","Uttarakhand"
1351,16,"Bageshwar","Uttarakhand"
1352,16,"Udham Singh Nagar","Uttarakhand"
1353,16,"Udham Singh Nagar","Uttarakhand"
1354,16,"Pauri Garhwal","Uttarakhand"
1355,16,"Haridwar","Uttarakhand"
1356,16,"Dehradun","Uttarakhand"
1357,16,"Udham Singh Nagar","Uttarakhand"
1358,16,"Nainital","Uttarakhand"
1359,16,"Pauri Garhwal","Uttarakhand"
1360,16,"Pithoragharh","Uttarakhand"
1361,16,"Rudraprayag","Uttarakhand"
1362,16,"Tehri Garhwal","Uttarakhand"
1363,16,"Udham Singh Nagar","Uttarakhand"
1364,16,"Uttarkashi","Uttarakhand"
1365,9,"Purulia","West Bengal"
1366,9,"Jalpaiguri","West Bengal"
1367,9,"Hooghly","West Bengal"
1368,9,"Bardhaman","West Bengal"
1369,9,"Hooghly","West Bengal"
1370,9,"Howrah","West Bengal"
1371,9,"Dakshin Dinajpur","West Bengal"
1372,9,"Bankura","West Bengal"
1373,9,"Bardhaman","West Bengal"
1374,9,"South 24 Parganas","West Bengal"
1375,9,"Bardhaman","West Bengal"
1376,9,"North 24 Parganas","West Bengal"
1377,9,"Darjeeling","West Bengal"
1378,9,"Birbhum","West Bengal"
1379,9,"Hooghly","West Bengal"
1380,9,"Purba Medinipur","West Bengal"
1381,9,"Cooch Behar","West Bengal"
1382,9,"Dakshin Dinajpur","West Bengal"
1383,9,"Uttar Dinajpur","West Bengal"
1384,9,"Darjeeling","West Bengal"
1385,9,"Murshidabad","West Bengal"
1386,9,"Kolkata","West Bengal"
1387,9,"Bardhaman","West Bengal"
1388,9,"North 24 Parganas","West Bengal"
1389,9,"Purba Medinipur","West Bengal"
1390,9,"Howrah","West Bengal"
1391,9,"Hooghly","West Bengal"
1392,9,"Uttar Dinajpur","West Bengal"
1393,9,"Jalpaiguri","West Bengal"
1394,9,"West Medinipur","West Bengal"
1395,9,"Darjeeling","West Bengal"
1396,9,"West Medinipur","West Bengal"
1397,9,"Kolkata","West Bengal"
1398,9,"Hooghly","West Bengal"
1399,9,"Nadia","West Bengal"
1400,9,"Jalpaiguri","West Bengal"
1401,9,"Jalpaiguri","West Bengal"
1402,9,"Malda","West Bengal"
1403,9,"Cooch Behar","West Bengal"
1404,9,"West Medinipur","West Bengal"
1405,9,"Bardhaman","West Bengal"
1406,9,"Birbhum","West Bengal"
1407,9,"Murshidabad","West Bengal"
1408,9,"Nadia","West Bengal"
1409,9,"North 24 Parganas","West Bengal"
1410,9,"North 24 Parganas","West Bengal"
1411,9,"Howrah","West Bengal"
1412,9,"Hooghly","West Bengal"
1413,9,"Murshidabad","West Bengal"
1414,9,"Purulia","West Bengal"
1415,9,"North 24 Parganas","West Bengal"
1416,9,"West Medinipur","West Bengal"
1417,9,"Purba Medinipur","West Bengal"
1418,9,"Purulia","West Bengal"
1419,9,"South 24 Parganas","West Bengal"
1420,9,"Uttar Dinajpur","West Bengal"
