Sno,Candidate,Constituency ,Party,Criminal Case,Education,Total Assets,Liabilities
1,MADHUSUDHAN REDDY THAKKALA,Adilabad,TRS,0,Graduate Professional,"Rs 75,50,000
~ 75 Lacs+","Rs 1,20,000
~ 1 Lacs+"
2,CHENGARA SURENDRAN,Adoor,CPI,0,Graduate,"Rs 6,274
~ 6 Thou+","Rs 41,438
~ 41 Thou+"
3,RAJ BABBAR,Agra,SP,2,Graduate,"Rs 2,23,26,400
~ 2 Crore+","Rs 10,00,000
~ 10 Lacs+"
4,HARIN PATHAK,Ahmedabad,BJP,1,Graduate Professional,"Rs 1,02,87,931
~ 1 Crore+","Rs 0
~"
5,GADAKH TUKARAM GANGADHAR,Ahmednagar,NCP,2,Graduate,"Rs 2,34,46,680
~ 2 Crore+","Rs 46,80,000
~ 46 Lacs+"
6,RASA SINGH RAWAT,Ajmer,BJP,0,Post Graduate,"Rs 14,71,446
~ 14 Lacs+","Rs 0
~"
7,MAYAWATI,Akbarpur,BSP,1,Graduate Professional,"Rs 11,35,44,000
~ 11 Crore+","Rs 0
~"
8,DHOTRE SANJAY SHAMRAO,Akola,BJP,0,Graduate Professional,"Rs 1,22,89,645
~ 1 Crore+","Rs 24,08,285
~ 24 Lacs+"
9,BIJENDRA SINGH,Aligarh,INC,0,Graduate,"Rs 28,92,600
~ 28 Lacs+","Rs 0
~"
10,Joachim Baxla,Alipurduars,RSP,0,Graduate,"Rs 4,85,800
~ 4 Lacs+","Rs 0
~"
11,KUNWAR REWATI RAMAN SINGH URF MANI JI,Allahabad,SP,1,Graduate Professional,"Rs 2,28,37,000
~ 2 Crore+","Rs 10,50,000
~ 10 Lacs+"
12,DR. K. S. MANOJ,Alleppey,CPM,0,Doctorate,"Rs 8,00,231
~ 8 Lacs+","Rs 54,317
~ 54 Thou+"
13,DR. KARAN SINGH YADAV,Alwar,INC,0,Post Graduate,"Rs 40,23,529
~ 40 Lacs+","Rs 10,22,864
~ 10 Lacs+"
14,SELJA,Ambala,INC,0,Post Graduate,"Rs 71,76,087
~ 71 Lacs+","Rs 0
~"
15,RAHUL GANDHI,Amethi,INC,0,Post Graduate,"Rs 55,38,123
~ 55 Lacs+","Rs 0
~"
16,ANANT GUDHE,Amravati,SHS,0,Graduate,"Rs 35,32,477
~ 35 Lacs+","Rs 2,17,263
~ 2 Lacs+"
17,VIRJIBHAI THUMMAR,Amreli,INC,1,Graduate,"Rs 1,52,27,334
~ 1 Crore+","Rs 87,000
~ 87 Thou+"
18,NAVJOT SINGH SIDHU,Amritsar,BJP,1,Graduate,"Rs 6,42,11,374
~ 6 Crore+","Rs 3,98,529
~ 3 Lacs+"
19,HARISH NAGPAL,Amroha,IND,0,10th Pass,"Rs 6,72,34,623
~ 6 Crore+","Rs 0
~"
20,CHALAPATHIRAO PAPPALA,Anakapalli,TDP,0,Graduate,"Rs 53,96,505
~ 53 Lacs+","Rs 2,46,000
~ 2 Lacs+"
21,SOLANKI BHARATSINH MADHAVSINH,Anand,INC,0,Graduate Professional,"Rs 9,96,308
~ 9 Lacs+","Rs 0
~"
22,ANANTHA VENKATA RAMI REDDY,Anantapur,INC,0,Post Graduate,"Rs 38,90,000
~ 38 Lacs+","Rs 4,37,636
~ 4 Lacs+"
23,MEHBOOBA MUFTI,Anantnag,JKPDP,0,Graduate Professional,"Rs 4,50,000
~ 4 Lacs+","Rs 0
~"
24,MANORANJAN BHAKTA,Andaman & Nicobar Islands,INC,0,Post Graduate,"Rs 59,26,740
~ 59 Lacs+","Rs 2,72,061
~ 2 Lacs+"
25,KUNWAR SARVRAJ SINGH,Aonla,JD(U),1,Graduate Professional,"Rs 1,42,81,673
~ 1 Crore+","Rs 0
~"
26,"VELU, R.",Arakkonam,PMK,0,Post Graduate,"Rs 46,10,868
~ 46 Lacs+","Rs 97,947
~ 97 Thou+"
27,Anil Basu,Arambagh,CPM,0,Literate,"Rs 10,42,327
~ 10 Lacs+","Rs 0
~"
28,SUKDEO PASWAN,Araria,BJP,1,10th Pass,"Rs 59,34,736
~ 59 Lacs+","Rs 5,71,481
~ 5 Lacs+"
29,KANTI SINGH,Arrah,RJD,0,Graduate,"Rs 1,16,02,840
~ 1 Crore+","Rs 33,797
~ 33 Thou+"
30,TAPIR GAO,Arunachal East,BJP,0,Post Graduate,"Rs 55,16,640
~ 55 Lacs+","Rs 50,000
~ 50 Thou+"
31,KHIREN RIJIJU,Arunachal West,BJP,0,Graduate,"Rs 65,11,344
~ 65 Lacs+","Rs 0
~"
32,Bikash Chowdhury,Asansol,CPM,0,Not Given,"Rs 29,12,206
~ 29 Lacs+","Rs 0
~"
33,HARI HAR SWAIN,Aska,BJD,0,12th Pass,"Rs 1,21,92,000
~ 1 Crore+","Rs 15,86,478
~ 15 Lacs+"
34,NIKHIL KUMAR,Aurangabad,INC,0,Post Graduate,"Rs 7,44,89,984
~ 7 Crore+","Rs 12,20,000
~ 12 Lacs+"
35,CHANDRAKANT KHAIRE,Aurangabad,SHS,13,Graduate,"Rs 93,33,773
~ 93 Lacs+","Rs 60,43,722
~ 60 Lacs+"
36,BIREN SINGH ENGTI,Autonomous District,INC,0,Post Graduate,"Rs 53,89,194
~ 53 Lacs+","Rs 0
~"
37,RAMAKANT YADAV,Azamgarh,BSP,9,10th Pass,"Rs 1,73,58,777
~ 1 Crore+","Rs 2,00,000
~ 2 Lacs+"
38,P. SATHEEDEVI,Badagara,CPM,1,Graduate Professional,"Rs 13,31,000
~ 13 Lacs+","Rs 0
~"
39,KAILASH BAITHA,Bagaha,JD(U),0,10th Pass,"Rs 49,000
~ 49 Thou+","Rs 35,000
~ 35 Thou+"
40,GADDIGOUDAR PARVATAGOUDA CHANDANAGOUDA,Bagalkot,BJP,0,Graduate Professional,"Rs 53,75,000
~ 53 Lacs+","Rs 10,00,000
~ 10 Lacs+"
41,AJIT SINGH,Baghpat,RLD,0,Post Graduate,"Rs 1,34,23,683
~ 1 Crore+","Rs 14,56,567
~ 14 Lacs+"
42,RUBAB SAYEDA,Bahraich,SP,0,Post Graduate,"Rs 1,53,46,459
~ 1 Crore+","Rs 0
~"
43,GAURI SHANKAR CHATURBHUJ BISEN,Balaghat,BJP,0,Post Graduate,"Rs 96,67,350
~ 96 Lacs+","Rs 14,91,190
~ 14 Lacs+"
44,MAHAMEGHA BAHAN AIRA KHARBELA SWAIN,Balasore,BJP,0,Post Graduate,"Rs 10,10,000
~ 10 Lacs+","Rs 0
~"
45,SURAJ SINGH,Balia,LJNSP,17,Literate,"Rs 15,16,070
~ 15 Lacs+","Rs 60,024
~ 60 Thou+"
46,CHANDRA SHEKHAR,Ballia,Samajwadi Janata Party (Rashtriya),0,Post Graduate,"Rs 40,35,983
~ 40 Lacs+","Rs 11,45,552
~ 11 Lacs+"
47,BRIJ BHUSHAN SHARAN SINGH,Balrampur,BJP,2,Graduate Professional,"Rs 3,58,10,577
~ 3 Crore+","Rs 0
~"
48,Ranen Barman,Balurghat,RSP,0,10th Pass,"Rs 9,68,333
~ 9 Lacs+","Rs 0
~"
49,CHAVDA HARISINHAJI PRATAPSINHAJI,Banaskantha,INC,1,10th Pass,"Rs 1,76,93,895
~ 1 Crore+","Rs 0
~"
50,SHYAMA CHARAN GUPT,Banda,SP,0,Graduate Professional,"Rs 11,24,56,867
~ 11 Crore+","Rs 0
~"
51,DR. H.T. SANGLIANA,Bangalore North,BJP,0,Graduate,"Rs 76,66,050
~ 76 Lacs+","Rs 0
~"
52,GIRIDHARI YADAV,Banka,RJD,0,Post Graduate,"Rs 28,41,000
~ 28 Lacs+","Rs 3,51,513
~ 3 Lacs+"
53,Acharia Basudeb,Bankura,CPM,0,Post Graduate,"Rs 17,08,375
~ 17 Lacs+","Rs 0
~"
54,MAHAVEER PRASAD,Bansgaon,INC,0,Post Graduate,"Rs 89,44,794
~ 89 Lacs+","Rs 0
~"
55,DHAN SINGH RAWAT,Banswara,BJP,2,Graduate Professional,"Rs 19,05,788
~ 19 Lacs+","Rs 2,50,000
~ 2 Lacs+"
56,DAGGUBATI PURANDARESWARI,Bapatla,INC,0,Others,"Rs 4,09,07,640
~ 4 Crore+","Rs 52,12,201
~ 52 Lacs+"
57,KAMLA PRASAD,Bara Banki,BSP,0,Graduate,"Rs 46,99,000
~ 46 Lacs+","Rs 5,00,000
~ 5 Lacs+"
58,PAWAR SHARADCHANDRA GOVINDRAO,Baramati,NCP,1,10th Pass,"Rs 4,48,14,206
~ 4 Crore+","Rs 13,301
~ 13 Thou+"
59,ABDUL RASHID SHAHEEN,Baramulla,JKN,0,Post Graduate,"Rs 1,71,74,843
~ 1 Crore+","Rs 10,56,615
~ 10 Lacs+"
60,Subrata Bose,Barasat,AIFB,0,Graduate,"Rs 23,86,568
~ 23 Lacs+","Rs 35,700
~ 35 Thou+"
61,SANTOSH GANGWAR,Bareilly,BJP,0,Post Graduate,"Rs 70,43,413
~ 70 Lacs+","Rs 2,50,154
~ 2 Lacs+"
62,VIJAY KRISHNA,Barh,RJD,1,Post Graduate,"Rs 58,32,524
~ 58 Lacs+","Rs 27,725
~ 27 Thou+"
63,MANVENDRA SINGH,Barmer,BJP,0,Post Graduate,"Rs 46,56,839
~ 46 Lacs+","Rs 73,531
~ 73 Thou+"
64,A. F. GOLAM OSMANI,Barpeta,INC,0,Graduate Professional,"Rs 10,05,000
~ 10 Lacs+","Rs 0
~"
65,Tarit Baran Topdar,Barrackpore,CPM,0,Post Graduate,"Rs 94,53,015
~ 94 Lacs+","Rs 0
~"
66,Ajay Chakraborty,Basirhat,CPI,0,Graduate Professional,"Rs 72,18,672
~ 72 Lacs+","Rs 0
~"
67,BALIRAM KASHYAP,Bastar,BJP,1,8th Pass,"Rs 18,65,382
~ 18 Lacs+","Rs 1,77,442
~ 1 Lacs+"
68,LAL MANI PRASAD,Basti,BSP,0,Graduate,"Rs 10,71,480
~ 10 Lacs+","Rs 0
~"
69,RAMSWAROOP KOLI,Bayana,BJP,3,8th Pass,"Rs 10,53,100
~ 10 Lacs+","Rs 0
~"
70,RAJIV RANJAN SINGH,Begusarai,JD(U),0,Graduate,"Rs 67,46,462
~ 67 Lacs+","Rs 0
~"
71,ANGADI SURESH CHANABASAPPA,Belgaum,BJP,0,Graduate Professional,"Rs 4,74,66,695
~ 4 Crore+","Rs 88,52,490
~ 88 Lacs+"
72,G. KARUNAKARA REDDY,Bellary,BJP,0,Graduate,"Rs 1,09,30,950
~ 1 Crore+","Rs 4,16,228
~ 4 Lacs+"
73,Adhir Ranjan Chowdhury,Berhampore,INC,3,10th Pass,"Rs 1,93,95,174
~ 1 Crore+","Rs 0
~"
74,CHANDRA SEKHAR SAHU,Berhampur,INC,0,Graduate Professional,"Rs 14,19,000
~ 14 Lacs+","Rs 0
~"
75,RAGHUNATH JHA,Bettiah,RJD,2,12th Pass,"Rs 1,12,67,189
~ 1 Crore+","Rs 0
~"
76,KHANDELWAL VIJAY KUMAR (MUNNI BHAIA),Betul,BJP,0,Graduate Professional,"Rs 1,65,07,774
~ 1 Crore+","Rs 9,53,983
~ 9 Lacs+"
77,MIDIYAM BABU RAO,Bhadrachalam,CPM,0,Graduate Professional,"Rs 5,42,000
~ 5 Lacs+","Rs 1,30,000
~ 1 Lacs+"
78,SUSHIL KUMAR MODI,Bhagalpur,BJP,3,Post Graduate,"Rs 34,10,312
~ 34 Lacs+","Rs 9,35,401
~ 9 Lacs+"
79,PATLE SHISHUPAL NATTHU,Bhandara,BJP,0,Graduate Professional,"Rs 11,84,050
~ 11 Lacs+","Rs 12,000
~ 12 Thou+"
80,VISHVENDRA SINGH,Bharatpur,BJP,0,12th Pass,"Rs 8,78,94,237
~ 8 Crore+","Rs 5,25,000
~ 5 Lacs+"
81,PARAMJIT KAUR GULSHAN,Bhatinda,SAD,0,Post Graduate,"Rs 65,07,661
~ 65 Lacs+","Rs 0
~"
82,RANA RAJENDRASINH GHANASHYAMSINH (RAJUBHAI RANA),Bhavnagar,BJP,0,Graduate Professional,"Rs 23,50,613
~ 23 Lacs+","Rs 0
~"
83,VIJAYENDRAPAL SINGH,Bhilwara,BJP,0,Graduate,"Rs 2,37,65,671
~ 2 Crore+","Rs 2,50,000
~ 2 Lacs+"
84,DR. RAMLAKHAN SINGH,Bhind,BJP,1,Graduate Professional,"Rs 57,74,939
~ 57 Lacs+","Rs 2,84,945
~ 2 Lacs+"
85,KULDEEP BISHNOI,Bhiwani,INC,0,Graduate,"Rs 14,37,24,090
~ 14 Crore+","Rs 2,18,65,304
~ 2 Crore+"
86,KAILASH JOSHI,Bhopal,BJP,0,10th Pass,"Rs 26,95,080
~ 26 Lacs+","Rs 0
~"
87,PRASANNA KUMAR PATASANI,Bhubaneswar,BJD,0,Post Graduate,"Rs 44,41,581
~ 44 Lacs+","Rs 0
~"
88,RAMCHANDRA VEERAPPA,Bidar,BJP,0,Literate,"Rs 24,80,708
~ 24 Lacs+","Rs 8,16,000
~ 8 Lacs+"
89,BASANAGOUDA R PATIL(YATNAL),Bijapur,BJP,2,Graduate,"Rs 56,03,503
~ 56 Lacs+","Rs 12,00,000
~ 12 Lacs+"
90,Munshiram S/o Sri Ramcharan Singh,Bijnor,RLD,0,Others,"Rs 29,42,225
~ 29 Lacs+","Rs 7,20,000
~ 7 Lacs+"
91,DHARMENDRA,Bikaner,BJP,0,12th Pass,"Rs 23,03,26,000
~ 23 Crore+","Rs 54,28,225
~ 54 Lacs+"
92,AJIT KUMAR SINGH,Bikramganj,JD(U),0,Post Graduate,"Rs 1,43,62,110
~ 1 Crore+","Rs 0
~"
93,PUNNULAL MOHLE,Bilaspur,BJP,0,12th Pass,"Rs 37,27,718
~ 37 Lacs+","Rs 0
~"
94,RAJA RAM PAL,Bilhaur,BSP,0,Graduate Professional,"Rs 14,71,113
~ 14 Lacs+","Rs 2,00,000
~ 2 Lacs+"
95,Ram Chandra Dome,Birbhum,CPM,0,Doctorate,"Rs 4,09,541
~ 4 Lacs+","Rs 2,862
~ 2 Thou+"
96,KONDAPALLI PYDITHALLI NAIDU,Bobbili,TDP,0,Not Given,"Rs 19,79,000
~ 19 Lacs+","Rs 50,000
~ 50 Thou+"
97,SANGEETA KUMARI SINGH DEO,Bolangir,BJP,0,Graduate,"Rs 2,68,99,686
~ 2 Crore+","Rs 3,83,762
~ 3 Lacs+"
98,Chatterjee Somnath,Bolpur,CPM,0,Post Graduate,"Rs 1,05,51,015
~ 1 Crore+","Rs 0
~"
99,VASAVA MANSUKHBHAI DHANJIBHAI,Broach,BJP,0,Post Graduate,"Rs 15,83,619
~ 15 Lacs+","Rs 0
~"
100,SALEEM IQBAL SHERVANI,Budaun,SP,0,Graduate,"Rs 9,69,80,000
~ 9 Crore+","Rs 5,940
~ 5 Thou+"
101,KALYAN SINGH,Bulandshahr,BJP,0,Graduate Professional,"Rs 62,09,253
~ 62 Lacs+","Rs 0
~"
102,ADSUL ANANDRAO VITHOBA,Buldhana,SHS,2,Graduate,"Rs 2,06,30,019
~ 2 Crore+","Rs 61,11,246
~ 61 Lacs+"
103,KISHANBHAI VESTABHAI PATEL,Bulsar,INC,2,10th Pass,"Rs 2,79,461
~ 2 Lacs+","Rs 0
~"
104,Nikhilananda Sar,Burdwan,CPM,0,Graduate Professional,"Rs 34,31,414
~ 34 Lacs+","Rs 0
~"
105,LALMUNI CHAUBEY,Buxar,BJP,0,12th Pass,"Rs 84,31,336
~ 84 Lacs+","Rs 0
~"
106,Md. Salim,Calcutta North East,CPM,0,Post Graduate,"Rs 31,09,485
~ 31 Lacs+","Rs 0
~"
107,Mamata Banerjee,Calcutta South,AITC,0,Post Graduate,"Rs 3,75,489
~ 3 Lacs+","Rs 0
~"
108,M. P. VEERENDRA KUMAR,Calicut,JD(S),0,Post Graduate,"Rs 4,76,21,096
~ 4 Crore+","Rs 46,54,480
~ 46 Lacs+"
109,SHAILENDRA KUMAR,Chail,SP,0,12th Pass,"Rs 93,37,424
~ 93 Lacs+","Rs 10,92,000
~ 10 Lacs+"
110,M. SHIVANNA,Chamarajanagar,JD(S),1,Graduate,"Rs 9,42,100
~ 9 Lacs+","Rs 10,000
~ 10 Thou+"
111,KAILASH NATH SINGH YADAV,Chandauli,BSP,0,Graduate,"Rs 58,43,089
~ 58 Lacs+","Rs 0
~"
112,PAWAN KUMAR BANSAL,Chandigarh,INC,0,Graduate Professional,"Rs 1,75,50,052
~ 1 Crore+","Rs 0
~"
113,KAPIL SIBAL,Chandni Chowk,INC,0,Post Graduate,"Rs 15,88,50,000
~ 15 Crore+","Rs 0
~"
114,AHIR HANSRAJ GANGARAM,Chandrapur,BJP,16,10th Pass,"Rs 26,53,960
~ 26 Lacs+","Rs 0
~"
115,LALU PRASAD,Chapra,RJD,7,Graduate Professional,"Rs 87,68,342
~ 87 Lacs+","Rs 2,20,41,400
~ 2 Crore+"
116,DHIRENDRA AGARWAL,Chatra,RJD,1,Doctorate,"Rs 2,80,85,948
~ 2 Crore+","Rs 7,50,000
~ 7 Lacs+"
117,"MOORTHY, A.K.",Chengalpattu,PMK,0,Post Graduate,"Rs 36,96,741
~ 36 Lacs+","Rs 3,69,957
~ 3 Lacs+"
118,KAMALNATH,Chhindwara,INC,0,Graduate,"Rs 5,18,39,379
~ 5 Crore+","Rs 0
~"
119,NARANBHAI RATHWA,Chhota Udaipur,INC,0,Post Graduate,"Rs 27,93,000
~ 27 Lacs+","Rs 2,71,125
~ 2 Lacs+"
120,"PONNUSWAMY, E.",Chidambaram,PMK,0,Post Graduate,"Rs 4,20,000
~ 4 Lacs+","Rs 3,18,534
~ 3 Lacs+"
121,R.L. JALAPPA,Chikballapur,INC,0,Graduate,"Rs 4,02,39,308
~ 4 Crore+","Rs 1,05,000
~ 1 Lacs+"
122,JIGAJINAGI RAMESH CHANDAPPA,Chikkodi,BJP,0,Graduate,"Rs 54,80,600
~ 54 Lacs+","Rs 75,000
~ 75 Thou+"
123,D. C. SRIKANTAPPA,Chikmagalur,BJP,0,10th Pass,"Rs 60,69,785
~ 60 Lacs+","Rs 0
~"
124,SHIVANKAR MAHADEORAO SUKAJI,Chimur,BJP,0,Post Graduate,"Rs 44,12,847
~ 44 Lacs+","Rs 1,97,913
~ 1 Lacs+"
125,VARKALA RADHAKRISHNAN,Chirayinkil,CPM,0,Graduate Professional,"Rs 7,56,621
~ 7 Lacs+","Rs 0
~"
126,N.Y. HANUMANTHAPPA,Chitradurga,INC,0,Post Graduate,"Rs 62,50,000
~ 62 Lacs+","Rs 0
~"
127,D.K. AUDIKESAVULU,Chittoor,TDP,0,Not Given,"Rs 67,05,76,468
~ 67 Crore+","Rs 0
~"
128,SHRICHAND KRIPLANI,Chittorgarh,BJP,0,Not Given,"Rs 24,48,887
~ 24 Lacs+","Rs 0
~"
129,RAMSINGH KASWAN,Churu,BJP,0,Graduate Professional,"Rs 1,31,98,438
~ 1 Crore+","Rs 2,08,154
~ 2 Lacs+"
130,Prasanta Pradhan,Contai,CPM,0,Post Graduate,"Rs 14,10,752
~ 14 Lacs+","Rs 15,000
~ 15 Thou+"
131,Hiten Barman,Cooch Behar,AIFB,0,12th Pass,"Rs 5,46,676
~ 5 Lacs+","Rs 2,79,146
~ 2 Lacs+"
132,VENKATAPATHY. K,Cuddalore,DMK,5,Graduate Professional,"Rs 36,17,839
~ 36 Lacs+","Rs 0
~"
133,Y.S. VIVEKANANDA REDDY,Cuddapah,INC,0,Graduate,"Rs 3,62,27,380
~ 3 Crore+","Rs 0
~"
134,BHARTRUHARI MAHTAB,Cuttack,BJD,0,Post Graduate,"Rs 1,78,43,407
~ 1 Crore+","Rs 1,69,357
~ 1 Lacs+"
135,DELKAR MOHANBHAI SANJIBHAI,Dadra & Nagar Haveli,BNP,0,12th Pass,"Rs 2,86,19,160
~ 2 Crore+","Rs 12,96,271
~ 12 Lacs+"
136,SHINGADA DAMODAR BARKU,Dahanu,INC,0,10th Pass,"Rs 86,57,109
~ 86 Lacs+","Rs 0
~"
137,PATEL DAHYABHAI VALLABHBHAI,Daman And Diu,INC,1,12th Pass,"Rs 5,47,87,351
~ 5 Crore+","Rs 66,40,008
~ 66 Lacs+"
138,CHANDRABHAN BHAIYA,Damoh,BJP,0,8th Pass,"Rs 1,03,48,557
~ 1 Crore+","Rs 3,25,874
~ 3 Lacs+"
139,MD. ALI ASHRAF FATMI,Darbhanga,RJD,0,Post Graduate,"Rs 20,71,240
~ 20 Lacs+","Rs 5,45,183
~ 5 Lacs+"
140,Dawa Narbula,Darjeeling,INC,0,Post Graduate,"Rs 70,65,000
~ 70 Lacs+","Rs 2,00,000
~ 2 Lacs+"
141,G.M. SIDDESWARA,Davangere,BJP,0,10th Pass,"Rs 5,02,82,989
~ 5 Crore+","Rs 0
~"
142,DHARMENDRA PRADHAN,Deogarh,BJP,0,Post Graduate,"Rs 4,76,756
~ 4 Lacs+","Rs 3,06,250
~ 3 Lacs+"
143,MOHAN SINGH,Deoria,SP,0,Not Given,"Rs 84,68,000
~ 84 Lacs+","Rs 1,50,000
~ 1 Lacs+"
144,CHANDRA SHEKHAR DUBEY,Dhanbad,INC,0,10th Pass,"Rs 1,02,50,582
~ 1 Crore+","Rs 3,23,838
~ 3 Lacs+"
145,VARMA RATILAL KALIDAS,Dhandhuka,BJP,0,Post Graduate,"Rs 79,00,277
~ 79 Lacs+","Rs 38,81,919
~ 38 Lacs+"
146,CHHATAR SINGH DARBAR,Dhar,BJP,1,Post Graduate,"Rs 28,85,302
~ 28 Lacs+","Rs 2,71,133
~ 2 Lacs+"
147,PRALHAD JOSHI,Dharwad North,BJP,4,Graduate,"Rs 77,60,188
~ 77 Lacs+","Rs 3,25,87,745
~ 3 Crore+"
148,KUNNUR MANJUNATH CHANNAPPA,Dharwad South,BJP,0,Post Graduate,"Rs 1,28,62,400
~ 1 Crore+","Rs 7,30,000
~ 7 Lacs+"
149,TATHAGATA SATAPATHY,Dhenkanal,BJD,5,Others,"Rs 27,75,930
~ 27 Lacs+","Rs 0
~"
150,ANWAR HUSSAIN,Dhubri,INC,0,Graduate Professional,"Rs 5,58,467
~ 5 Lacs+","Rs 2,25,000
~ 2 Lacs+"
151,CHAURE BAPU HARI,Dhule,INC,1,Graduate,"Rs 30,39,824
~ 30 Lacs+","Rs 0
~"
152,Samik Lahiri,Diamond Harbour,CPM,0,Graduate,"Rs 2,32,000
~ 2 Lacs+","Rs 0
~"
153,SARBANANDA SONOWAL,Dibrugarh,AGP,0,Graduate Professional,"Rs 20,38,397
~ 20 Lacs+","Rs 7,58,854
~ 7 Lacs+"
154,"CHITTHAN, N. S. V.",Dindigul,INC,0,Graduate,"Rs 1,32,47,227
~ 1 Crore+","Rs 8,75,536
~ 8 Lacs+"
155,KATARA BABUBHAI KHIMABHAI,Dohad,BJP,0,Graduate,"Rs 7,00,000
~ 7 Lacs+","Rs 1,09,751
~ 1 Lacs+"
156,MOHD. MUQUEEM,Domariaganj,BSP,2,10th Pass,"Rs 49,02,000
~ 49 Lacs+","Rs 0
~"
157,Amitava Nandy,Dum Dum,CPM,0,12th Pass,"Rs 29,35,137
~ 29 Lacs+","Rs 0
~"
158,SHIBU SOREN,Dumka,JMM,4,10th Pass,"Rs 37,76,022
~ 37 Lacs+","Rs 80,13,462
~ 80 Lacs+"
159,TARACHAND SAHU,Durg,BJP,0,Post Graduate,"Rs 32,05,175
~ 32 Lacs+","Rs 10,60,847
~ 10 Lacs+"
160,Sunil Khan,Durgapur,CPM,0,Graduate,"Rs 27,96,700
~ 27 Lacs+","Rs 0
~"
161,SANDEEP DIKSHIT,East Delhi,INC,0,Post Graduate,"Rs 47,64,901
~ 47 Lacs+","Rs 2,46,779
~ 2 Lacs+"
162,KAVURU SAMBA SIVA RAO,Eluru,INC,0,Not Given,"Rs 11,78,98,221
~ 11 Crore+","Rs 1,91,621
~ 1 Lacs+"
163,ANNASAHEB M. K. PATIL,Erandol,BJP,0,Post Graduate,"Rs 44,92,440
~ 44 Lacs+","Rs 9,44,685
~ 9 Lacs+"
164,DR. SEBASTIAN PAUL,Ernakulam,IND,0,Doctorate,"Rs 29,93,000
~ 29 Lacs+","Rs 7,64,304
~ 7 Lacs+"
165,KU. DEVENDRA SINGH YADAV,Etah,SP,0,Doctorate,"Rs 11,78,88,469
~ 11 Crore+","Rs 16,200
~ 16 Thou+"
166,RAGHURAJ SINGH SHAKYA,Etawah,SP,0,Post Graduate,"Rs 19,24,170
~ 19 Lacs+","Rs 0
~"
167,MITRASEN,Faizabad,BSP,27,12th Pass,"Rs 53,80,516
~ 53 Lacs+","Rs 3,18,855
~ 3 Lacs+"
168,AVTAR SINGH BHADANA,Faridabad,INC,0,8th Pass,"Rs 97,63,648
~ 97 Lacs+","Rs 0
~"
169,SUKHBIR SINGH BADAL,Faridkot,SAD,1,Post Graduate,"Rs 13,38,11,603
~ 13 Crore+","Rs 1,73,59,781
~ 1 Crore+"
170,CHANDRA BHUSHAN SINGH (MUNNOO BABU),Farrukhabad,SP,0,Post Graduate,"Rs 95,94,069
~ 95 Lacs+","Rs 7,68,000
~ 7 Lacs+"
171,MAHENDRA PRASAD NISHAD,Fatehpur,BSP,0,Graduate,"Rs 10,82,468
~ 10 Lacs+","Rs 56,554
~ 56 Thou+"
172,ZORA SINGH MAAN,Ferozepur,SAD,1,10th Pass,"Rs 55,61,000
~ 55 Lacs+","Rs 7,23,000
~ 7 Lacs+"
173,RAM JI LAL SUMAN,Firozabad,SP,2,Graduate,"Rs 42,35,985
~ 42 Lacs+","Rs 0
~"
174,L. K. ADVANI,Gandhinagar,BJP,0,Graduate Professional,"Rs 1,30,42,443
~ 1 Crore+","Rs 5,54,000
~ 5 Lacs+"
175,NIHALCHAND MEGHWAL,Ganganagar,BJP,0,Graduate,"Rs 22,82,422
~ 22 Lacs+","Rs 1,68,941
~ 1 Lacs+"
176,MAJ. GEN. ( RETD) BHUWAN CHANDRA KHANDURI (AVSM),Garhwal,BJP,0,Graduate Professional,"Rs 72,42,679
~ 72 Lacs+","Rs 0
~"
177,KIRIP CHALIHA,Gauhati,INC,0,Post Graduate,"Rs 92,02,689
~ 92 Lacs+","Rs 2,05,430
~ 2 Lacs+"
178,RAJESH KUMAR MANJHI,Gaya,RJD,0,8th Pass,Nil,"Rs 26,000
~ 26 Thou+"
179,RADHEY SHYAM KORI,Ghatampur,SP,0,10th Pass,"Rs 18,68,196
~ 18 Lacs+","Rs 0
~"
180,AFAJAL ANSARI,Ghazipur,SP,1,Post Graduate,"Rs 50,85,464
~ 50 Lacs+","Rs 38,022
~ 38 Thou+"
181,CHANDRADEO PRASAD RAJBHAR,Ghosi,SP,0,Post Graduate,"Rs 6,00,143
~ 6 Lacs+","Rs 0
~"
182,TEK LAL MAHTO,Giridih,JMM,1,Graduate,"Rs 6,25,000
~ 6 Lacs+","Rs 0
~"
183,"ELANGOVAN, E. V. K. S.",Gobichettipalayam,INC,13,Graduate,"Rs 50,31,000
~ 50 Lacs+","Rs 0
~"
184,FURKAN ANSARI,Godda,INC,3,Graduate,"Rs 14,99,897
~ 14 Lacs+","Rs 8,00,000
~ 8 Lacs+"
185,SOLANKI BHUPENDRASINH PRABHATSINH,Godhra,BJP,0,Graduate Professional,"Rs 27,24,746
~ 27 Lacs+","Rs 0
~"
186,KIRTI VARDHAN SINGH ALIAS RAJA BHAIYA,Gonda,SP,0,Post Graduate,"Rs 86,00,704
~ 86 Lacs+","Rs 5,95,401
~ 5 Lacs+"
187,ANIRUDH PRASAD ALIAS SADHU YADAV,Gopalganj,RJD,3,Graduate,"Rs 52,34,219
~ 52 Lacs+","Rs 4,43,268
~ 4 Lacs+"
188,ADITYA NATH,Gorakhpur,BJP,0,Graduate,"Rs 9,60,672
~ 9 Lacs+","Rs 0
~"
189,IQBAL AHMED SARADGI,Gulbarga,INC,0,Graduate Professional,"Rs 1,14,51,875
~ 1 Crore+","Rs 0
~"
190,JYOTIRADITYA MADHAVRAO SCINDIA,Guna,INC,0,Post Graduate,"Rs 3,58,27,904
~ 3 Crore+","Rs 0
~"
191,RAYAPATI SAMBASIVA RAO,Guntur,INC,0,Not Given,"Rs 4,81,98,297
~ 4 Crore+","Rs 98,89,900
~ 98 Lacs+"
192,VINOD KHANNA,Gurdaspur,BJP,0,Graduate,"Rs 8,10,81,889
~ 8 Crore+","Rs 12,36,000
~ 12 Lacs+"
193,RAMSEVAK SINGH ( BABUJI),Gwalior,INC,0,5th Pass,"Rs 54,43,950
~ 54 Lacs+","Rs 0
~"
194,RAM VILAS PASWAN,Hajipur,LJNSP,0,Post Graduate,"Rs 83,32,433
~ 83 Lacs+","Rs 0
~"
195,SURESH CHANDEL,Hamirpur,BJP,0,Post Graduate,"Rs 64,26,759
~ 64 Lacs+","Rs 10,69,724
~ 10 Lacs+"
196,RAJNARAYAN ALIAS RAJJU MAHRAJ,Hamirpur,SP,0,Graduate Professional,"Rs 26,40,727
~ 26 Lacs+","Rs 3,87,411
~ 3 Lacs+"
197,B.VINOD KUMAR,Hanamkonda,TRS,0,Graduate,"Rs 1,00,11,716
~ 1 Crore+","Rs 0
~"
198,SURENDRA PRAKASH GOYAL,Hapur,INC,1,8th Pass,"Rs 61,64,616
~ 61 Lacs+","Rs 0
~"
199,USHA VERMA,Hardoi,SP,0,Post Graduate,"Rs 9,76,000
~ 9 Lacs+","Rs 2,00,000
~ 2 Lacs+"
200,RAJENDRA KUMAR,Hardwar,SP,0,8th Pass,"Rs 23,94,512
~ 23 Lacs+","Rs 0
~"
201,H. D. DEVEGOWDA,Hassan,JD(S),0,Others,"Rs 1,14,39,574
~ 1 Crore+","Rs 35,82,261
~ 35 Lacs+"
202,KISHAN LAL DILER,Hathras,BJP,0,Not Given,"Rs 20,89,121
~ 20 Lacs+","Rs 0
~"
203,BHUBNESHWAR PRASAD MEHTA,Hazaribagh,CPI,1,12th Pass,"Rs 9,70,342
~ 9 Lacs+","Rs 2,50,000
~ 2 Lacs+"
204,NIZAMODDIN,Hindupur,INC,0,Graduate,"Rs 14,05,000
~ 14 Lacs+","Rs 2,00,779
~ 2 Lacs+"
205,SURYAKANTA PATIL,Hingoli,NCP,2,Graduate,"Rs 1,53,07,225
~ 1 Crore+","Rs 2,72,088
~ 2 Lacs+"
206,JAI PARKASH,Hissar,INC,5,12th Pass,"Rs 45,68,812
~ 45 Lacs+","Rs 2,45,760
~ 2 Lacs+"
207,Rupchand Pal,Hooghly,CPM,0,Post Graduate,"Rs 8,93,720
~ 8 Lacs+","Rs 4,35,000
~ 4 Lacs+"
208,SARTAJ SINGH,Hoshangabad,BJP,0,Graduate,"Rs 1,48,78,898
~ 1 Crore+","Rs 6,54,724
~ 6 Lacs+"
209,AVINASH RAI KHANNA,Hoshiarpur,BJP,0,Graduate Professional,"Rs 16,23,665
~ 16 Lacs+","Rs 0
~"
210,Swadesh Chakrabortty,Howrah,CPM,0,Graduate,"Rs 15,45,667
~ 15 Lacs+","Rs 0
~"
211,ASADUDDIN OWAISI,Hyderabad,AIMIM,3,Graduate Professional,"Rs 39,02,342
~ 39 Lacs+","Rs 0
~"
212,MANE NIVEDITA SAMBHAJIRAO,Ichalkaranji,NCP,0,Graduate,"Rs 79,13,845
~ 79 Lacs+","Rs 3,87,564
~ 3 Lacs+"
213,K. FRANCIS GEORGE,Idukki,KEC,1,Graduate Professional,"Rs 1,14,17,962
~ 1 Crore+","Rs 78,919
~ 78 Thou+"
214,SUMITRA MAHAJAN,Indore,BJP,0,Post Graduate,"Rs 44,22,500
~ 44 Lacs+","Rs 12,50,000
~ 12 Lacs+"
215,DR. THOKCHOM MEINYA,Inner Manipur,INC,0,Doctorate,"Rs 11,07,278
~ 11 Lacs+","Rs 80,660
~ 80 Thou+"
216,RAKESH SINGH,Jabalpur,BJP,0,Graduate,"Rs 63,27,291
~ 63 Lacs+","Rs 0
~"
217,Sujan Chakraborty,Jadavpur,CPM,0,Doctorate,"Rs 10,46,232
~ 10 Lacs+","Rs 0
~"
218,BRAHMANANDA PANDA,Jagatsinghpur,BJD,0,Post Graduate,"Rs 59,82,315
~ 59 Lacs+","Rs 53,760
~ 53 Thou+"
219,GANESH PRASAD SINGH,Jahanabad,RJD,0,Post Graduate,"Rs 89,90,298
~ 89 Lacs+","Rs 2,94,350
~ 2 Lacs+"
220,GIRDHARI LAL BHARGAVA,Jaipur,BJP,0,Graduate Professional,"Rs 1,42,48,322
~ 1 Crore+","Rs 1,96,196
~ 1 Lacs+"
221,MOHAN JENA,Jajpur,BJD,0,Post Graduate,"Rs 8,70,000
~ 8 Lacs+","Rs 22,568
~ 22 Thou+"
222,BHANU PRATAP SINGH VERMA,Jalaun,BJP,1,Post Graduate,"Rs 4,46,550
~ 4 Lacs+","Rs 1,14,460
~ 1 Lacs+"
223,PRO. S.P SINGH BAGHEL,Jalesar,SP,1,Post Graduate,"Rs 56,23,000
~ 56 Lacs+","Rs 7,87,357
~ 7 Lacs+"
224,Y. G. MAHAJAN (SIR),Jalgaon,BJP,1,Post Graduate,"Rs 67,19,861
~ 67 Lacs+","Rs 0
~"
225,DANVE RAOSAHEB DADARAO PATIL,Jalna,BJP,0,12th Pass,"Rs 96,81,004
~ 96 Lacs+","Rs 7,15,955
~ 7 Lacs+"
226,B. SUSHEELA,Jalore,BJP,0,Post Graduate,"Rs 96,29,204
~ 96 Lacs+","Rs 9,04,335
~ 9 Lacs+"
227,Minati Sen,Jalpaiguri,CPM,0,Graduate Professional,"Rs 17,11,703
~ 17 Lacs+","Rs 47,377
~ 47 Thou+"
228,MADAN LAL SHARMA,Jammu,INC,0,10th Pass,"Rs 62,17,000
~ 62 Lacs+","Rs 1,49,750
~ 1 Lacs+"
229,AHIR VIKRAMBHAI,Jamnagar,INC,0,Graduate,"Rs 48,37,028
~ 48 Lacs+","Rs 5,74,600
~ 5 Lacs+"
230,SUNIL KUMAR MAHATO,Jamshedpur,JMM,3,Graduate,"Rs 30,58,500
~ 30 Lacs+","Rs 0
~"
231,Pranab Mukherjee,Jangipur,INC,0,Doctorate,"Rs 1,52,04,925
~ 1 Crore+","Rs 2,17,267
~ 2 Lacs+"
232,PARASNATH YADAVA,Jaunpur,SP,0,12th Pass,"Rs 29,41,300
~ 29 Lacs+","Rs 0
~"
233,KANTILAL BHURIA,Jhabua,INC,0,Post Graduate,"Rs 1,40,41,825
~ 1 Crore+","Rs 0
~"
234,DUSHYANT SINGH,Jhalawar,BJP,0,Post Graduate,"Rs 70,82,067
~ 70 Lacs+","Rs 0
~"
235,DEVENDRA PRASAD YADAV,Jhanjharpur,RJD,0,Graduate,"Rs 11,37,321
~ 11 Lacs+","Rs 2,45,123
~ 2 Lacs+"
236,CHANDRAPAL SINGH YADAV,Jhansi,SP,1,Post Graduate,"Rs 53,07,820
~ 53 Lacs+","Rs 0
~"
237,Rupchand Murmu,Jhargram,CPM,1,12th Pass,"Rs 10,41,089
~ 10 Lacs+","Rs 1,01,870
~ 1 Lacs+"
238,SHISH RAM OLA,Jhunjhunu,INC,0,10th Pass,"Rs 47,71,614
~ 47 Lacs+","Rs 9,84,980
~ 9 Lacs+"
239,JASWANT SINGH BISHNOI,Jodhpur,BJP,0,Graduate Professional,"Rs 69,93,029
~ 69 Lacs+","Rs 4,89,166
~ 4 Lacs+"
240,BIJOY KRISHNA HANDIQUE,Jorhat,INC,0,Post Graduate,"Rs 13,56,192
~ 13 Lacs+","Rs 0
~"
241,Sanat Kumar Mandal,Joynagar,RSP,0,Graduate Professional,"Rs 21,89,190
~ 21 Lacs+","Rs 0
~"
242,RANA GURJEET SINGH,Jullundur,INC,0,10th Pass,"Rs 20,58,28,008
~ 20 Crore+","Rs 25,00,000
~ 25 Lacs+"
243,BARAD JASUBHAI DHANABHAI,Junagadh,INC,2,Graduate,"Rs 1,84,57,408
~ 1 Crore+","Rs 0
~"
244,DINSHA PATEL,Kaira,INC,0,10th Pass,"Rs 57,27,475
~ 57 Lacs+","Rs 30,83,830
~ 30 Lacs+"
245,ANURADHA CHOUDHARY,Kairana,RLD,0,Graduate,"Rs 4,39,04,200
~ 4 Crore+","Rs 0
~"
246,BENI PRASAD VERMA,Kaiserganj,SP,0,Graduate Professional,"Rs 41,12,560
~ 41 Lacs+","Rs 0
~"
247,BIKRAM KESHARI DEO,Kalahandi,BJP,0,Graduate,"Rs 32,37,000
~ 32 Lacs+","Rs 10,823
~ 10 Thou+"
248,DIP GOGOI,Kaliabor,INC,0,Graduate,"Rs 3,42,751
~ 3 Lacs+","Rs 0
~"
249,TEJASHWINI SEE RAMESH,Kanakapura,INC,0,Post Graduate,"Rs 11,60,000
~ 11 Lacs+","Rs 0
~"
250,ANANTHKUMAR HEGDE,Kanara,BJP,3,12th Pass,"Rs 12,06,000
~ 12 Lacs+","Rs 1,34,01,653
~ 1 Crore+"
251,CHANDER KUMAR,Kangra,INC,0,Post Graduate,"Rs 73,04,760
~ 73 Lacs+","Rs 19,16,918
~ 19 Lacs+"
252,SOHAN POTAI,Kanker,BJP,0,Post Graduate,"Rs 21,13,856
~ 21 Lacs+","Rs 71,932
~ 71 Thou+"
253,AKHILESH YADAV,Kannauj,SP,0,Post Graduate,"Rs 2,31,42,705
~ 2 Crore+","Rs 0
~"
254,SHRIPRAKASH JAISWAL,Kanpur,INC,0,10th Pass,"Rs 1,91,27,260
~ 1 Crore+","Rs 0
~"
255,VAGHELA SHANKERSINH LAXMANSINH,Kapadvanj,INC,0,Post Graduate,"Rs 70,04,174
~ 70 Lacs+","Rs 0
~"
256,PATIL SHRINIWAS DADASAHEB,Karad,NCP,0,Post Graduate,"Rs 1,24,94,141
~ 1 Crore+","Rs 0
~"
257,LALIT MOHAN SUKLABAIDYA,Karimganj,INC,0,Post Graduate,"Rs 41,97,600
~ 41 Lacs+","Rs 2,40,000
~ 2 Lacs+"
258,K. CHANDRA SHAKHER RAO,Karimnagar,TRS,0,Graduate,"Rs 85,98,858
~ 85 Lacs+","Rs 25,59,507
~ 25 Lacs+"
259,ARVIND KUMAR SHARMA,Karnal,INC,0,Post Graduate,"Rs 57,36,332
~ 57 Lacs+","Rs 0
~"
260,KRISHNA TIRATH,Karol Bagh,INC,0,Graduate Professional,"Rs 64,15,254
~ 64 Lacs+","Rs 0
~"
261,"PALANISAMY, K. C.",Karur,DMK,0,5th Pass,"Rs 54,65,69,007
~ 54 Crore+","Rs 6,39,20,476
~ 6 Crore+"
262,P. KARUNAKARAN,Kasaragod,CPM,20,Post Graduate,"Rs 51,90,249
~ 51 Lacs+","Rs 10,330
~ 10 Thou+"
263,NIKHIL KUMAR CHOUDHARY,Katihar,BJP,1,Graduate,"Rs 45,35,938
~ 45 Lacs+","Rs 0
~"
264,Mahboob Zahedi,Katwa,CPM,0,10th Pass,"Rs 27,05,606
~ 27 Lacs+","Rs 3,32,383
~ 3 Lacs+"
265,ARCHANA NAYAK,Kendrapara,BJD,0,Post Graduate,"Rs 3,84,400
~ 3 Lacs+","Rs 32,000
~ 32 Thou+"
266,ANANTA NAYAK,Keonjhar,BJP,0,12th Pass,"Rs 8,18,420
~ 8 Lacs+","Rs 69,086
~ 69 Thou+"
267,RABINDRA KU. RANA,Khagaria,RJD,1,Graduate Professional,"Rs 63,36,271
~ 63 Lacs+","Rs 0
~"
268,DR. RAMKRISHNA KUSHMARIYA ( BABA JEE ),Khajuraho,BJP,0,Doctorate,"Rs 51,83,173
~ 51 Lacs+","Rs 9,86,766
~ 9 Lacs+"
269,BHALCHANDRA YADAVA,Khalilabad,BSP,10,Graduate,"Rs 6,51,000
~ 6 Lacs+","Rs 2,60,630
~ 2 Lacs+"
270,RENUKA CHOWDHURY,Khammam,INC,1,Post Graduate,"Rs 13,69,12,161
~ 13 Crore+","Rs 3,00,414
~ 3 Lacs+"
271,NAND KUMAR SINGH CHAUHAN ( NANDU BHAIYA),Khandwa,BJP,0,Graduate,"Rs 45,10,192
~ 45 Lacs+","Rs 9,47,000
~ 9 Lacs+"
272,KRISHNA MURARI MOGHE,Khargone,BJP,0,Graduate,"Rs 74,14,005
~ 74 Lacs+","Rs 88,719
~ 88 Thou+"
273,ADHALARAO PATIL SHIVAJIRAO,Khed,SHS,0,Post Graduate,"Rs 5,22,30,281
~ 5 Crore+","Rs 1,23,32,651
~ 1 Crore+"
274,RAVI PRAKASH VERMA,Kheri,SP,0,Graduate Professional,"Rs 29,16,963
~ 29 Lacs+","Rs 2,46,079
~ 2 Lacs+"
275,SUSHILA KERKETTA,Khunti,INC,0,Post Graduate,"Rs 33,28,161
~ 33 Lacs+","Rs 0
~"
276,ASHOK KUMAR PRADHAN,Khurja,BJP,0,Others,"Rs 1,15,89,733
~ 1 Crore+","Rs 0
~"
277,TASLIMUDDIN,Kishanganj,RJD,9,Literate,"Rs 55,25,834
~ 55 Lacs+","Rs 10,12,986
~ 10 Lacs+"
278,BABULAL MARANDI,Kodarma,BJP,0,Graduate,"Rs 5,00,000
~ 5 Lacs+","Rs 4,60,000
~ 4 Lacs+"
279,SANSUMA KHUNGGUR BWISWMUTHIARY,Kokrajhar,IND,0,Graduate,"Rs 16,94,686
~ 16 Lacs+","Rs 0
~"
280,A. R. ANTULAY,Kolaba,INC,0,Graduate Professional,"Rs 2,84,68,000
~ 2 Crore+","Rs 0
~"
281,K.H. MUNIYAPPA,Kolar,INC,0,Graduate,"Rs 61,87,039
~ 61 Lacs+","Rs 3,97,195
~ 3 Lacs+"
282,MANDLIK SADASHIVRAO DADOBA,Kolhapur,NCP,2,Graduate,"Rs 88,42,586
~ 88 Lacs+","Rs 9,86,985
~ 9 Lacs+"
283,E. V. ALIAS BALASAHEB VIKHE PATIL,Kopargaon,INC,0,10th Pass,"Rs 3,69,37,860
~ 3 Crore+","Rs 7,64,653
~ 7 Lacs+"
284,K. VIRUPAXAPPA,Koppal,INC,0,10th Pass,"Rs 52,30,246
~ 52 Lacs+","Rs 10,46,888
~ 10 Lacs+"
285,GIRIDHAR GAMANG,Koraput,INC,0,Graduate,"Rs 4,59,812
~ 4 Lacs+","Rs 0
~"
286,RAGHUVEER SINGH KOSHAL,Kota,BJP,0,Graduate Professional,"Rs 57,34,998
~ 57 Lacs+","Rs 6,64,908
~ 6 Lacs+"
287,K. SURESH KURUP,Kottayam,CPM,0,Graduate Professional,"Rs 18,18,560
~ 18 Lacs+","Rs 9,93,202
~ 9 Lacs+"
288,Jyotirmoyee Sikdar,Krishnagar,CPM,0,12th Pass,"Rs 75,45,592
~ 75 Lacs+","Rs 10,36,080
~ 10 Lacs+"
289,SUGAVANAM. E. G,Krishnagiri,DMK,1,Others,"Rs 51,21,291
~ 51 Lacs+","Rs 19,91,138
~ 19 Lacs+"
290,KOTLA JAYASURYA PRAKASHA REDDY,Kurnool,INC,0,Graduate,"Rs 1,59,41,801
~ 1 Crore+","Rs 6,81,000
~ 6 Lacs+"
291,NAVEEN JINDAL,Kurukshetra,INC,0,Post Graduate,"Rs 12,12,95,000
~ 12 Crore+","Rs 0
~"
292,GADHAVI PUSHPADAN SHAMBHUDAN,Kutch,BJP,0,Graduate Professional,"Rs 97,30,221
~ 97 Lacs+","Rs 7,19,633
~ 7 Lacs+"
293,THUPSTAN CHHEWANG,Ladakh,IND,0,Graduate Professional,"Rs 61,39,045
~ 61 Lacs+","Rs 2,30,415
~ 2 Lacs+"
294,DR. ARUN KUMAR SARMAH,Lakhimpur,AGP,0,Not Given,"Rs 14,67,028
~ 14 Lacs+","Rs 0
~"
295,DR. P. POOKUNHIKOYA,Lakshadweep,JD(U),0,Graduate Professional,"Rs 39,45,099
~ 39 Lacs+","Rs 1,03,145
~ 1 Lacs+"
296,DAROGA PRASAD SAROJ,Lalganj,SP,1,Graduate,"Rs 6,14,485
~ 6 Lacs+","Rs 1,30,918
~ 1 Lacs+"
297,PATIL RUPATAI DILIPRAO NILANGEKAR,Latur,BJP,0,10th Pass,"Rs 19,60,659
~ 19 Lacs+","Rs 55,85,583
~ 55 Lacs+"
298,RAMESHWAR ORAON,Lohardaga,INC,0,Doctorate,"Rs 92,38,423
~ 92 Lacs+","Rs 3,64,452
~ 3 Lacs+"
299,ATAL BIHARI VAJPAYEE,Lucknow,BJP,0,Post Graduate,"Rs 58,99,232
~ 58 Lacs+","Rs 0
~"
300,SHARANJIT SINGH DHILLON,Ludhiana,SAD,1,Graduate Professional,"Rs 98,42,137
~ 98 Lacs+","Rs 11,76,489
~ 11 Lacs+"
301,UMAKANT YADAV,Machhlishahr,BSP,8,Post Graduate,"Rs 2,84,62,566
~ 2 Crore+","Rs 0
~"
302,BADIGA RAMAKRISHNA,Machilipatnam,INC,0,12th Pass,"Rs 13,85,45,000
~ 13 Crore+","Rs 1,15,59,000
~ 1 Crore+"
303,LALU PRASAD,Madhepura,RJD,7,Graduate Professional,"Rs 87,68,340
~ 87 Lacs+","Rs 2,20,41,400
~ 2 Crore+"
304,DR. SHAKEEL AHMAD,Madhubani,INC,0,Graduate Professional,"Rs 18,59,000
~ 18 Lacs+","Rs 3,00,000
~ 3 Lacs+"
305,DAYANIDHI MARAN,Madras Central,DMK,0,Graduate,"Rs 1,44,20,628
~ 1 Crore+","Rs 0
~"
306,KUPPUSAMI. C,Madras North,DMK,1,12th Pass,"Rs 95,37,668
~ 95 Lacs+","Rs 1,56,696
~ 1 Lacs+"
307,"BAALU, T. R.",Madras South,DMK,0,Graduate,"Rs 2,74,44,755
~ 2 Crore+","Rs 0
~"
308,D. VITTAL RAO,Mahabubnagar,INC,0,Graduate,"Rs 6,50,75,830
~ 6 Crore+","Rs 30,00,000
~ 30 Lacs+"
309,PANKAJ,Maharajganj,BJP,0,12th Pass,"Rs 1,41,74,401
~ 1 Crore+","Rs 4,73,788
~ 4 Lacs+"
310,PRABHUNATH SINGH,Maharajganj,JD(U),11,12th Pass,"Rs 32,96,840
~ 32 Lacs+","Rs 5,30,175
~ 5 Lacs+"
311,AJIT JOGI,Mahasamund,INC,2,Graduate Professional,"Rs 88,35,009
~ 88 Lacs+","Rs 0
~"
312,INDERJIT SINGH,Mahendragarh,INC,0,Graduate Professional,"Rs 5,51,05,874
~ 5 Crore+","Rs 11,08,417
~ 11 Lacs+"
313,MULAYAM SINGH YADAV,Mainpuri,SP,2,Post Graduate,"Rs 1,15,41,224
~ 1 Crore+","Rs 41,235
~ 41 Thou+"
314,A. B. A. Ghani Khan Choudhury,Malda,INC,1,Graduate,"Rs 41,15,704
~ 41 Lacs+","Rs 41,87,744
~ 41 Lacs+"
315,HARISCHANDRA DEVRAM CHAVAN,Malegaon,BJP,0,Graduate,"Rs 33,12,291
~ 33 Lacs+","Rs 9,033
~ 9 Thou+"
316,PRATIBHA SINGH,Mandi,INC,0,Graduate,"Rs 23,02,88,018
~ 23 Crore+","Rs 15,42,808
~ 15 Lacs+"
317,FAGGAN SINGH KULASTE,Mandla,BJP,0,Post Graduate,"Rs 30,91,035
~ 30 Lacs+","Rs 0
~"
318,DR LAXMINARAYAN PANDEYA,Mandsaur,BJP,0,Post Graduate,"Rs 26,50,506
~ 26 Lacs+","Rs 7,26,872
~ 7 Lacs+"
319,CHAUDHARY TUSHARBHAI AMARSINHBHAI,Mandvi,INC,0,Graduate Professional,"Rs 18,17,815
~ 18 Lacs+","Rs 4,00,372
~ 4 Lacs+"
320,AMBAREESH M. H.,Mandya,INC,0,Not Given,"Rs 73,94,819
~ 73 Lacs+","Rs 3,21,600
~ 3 Lacs+"
321,NARAYAN CHANDRA BORKATAKY,Mangaldoi,BJP,0,Graduate,"Rs 55,95,818
~ 55 Lacs+","Rs 3,01,647
~ 3 Lacs+"
322,D. V. SADANANDA GOWDA,Mangalore,BJP,0,Graduate Professional,"Rs 46,39,359
~ 46 Lacs+","Rs 9,68,423
~ 9 Lacs+"
323,T. K. HAMZA,Manjeri,CPM,0,Graduate Professional,"Rs 7,80,480
~ 7 Lacs+","Rs 4,34,704
~ 4 Lacs+"
324,MANVENDRA SINGH,Mathura,INC,0,12th Pass,"Rs 1,53,87,530
~ 1 Crore+","Rs 2,81,228
~ 2 Lacs+"
325,Basudeb Barman,Mathurapur,CPM,0,Post Graduate,"Rs 27,72,156
~ 27 Lacs+","Rs 0
~"
326,C. S. SUJATHA,Mavelikara,CPM,4,Graduate Professional,"Rs 6,69,613
~ 6 Lacs+","Rs 18,000
~ 18 Thou+"
327,MANI SHANKAR AIYAR,Mayiladuturai,INC,0,Post Graduate,"Rs 1,93,91,699
~ 1 Crore+","Rs 3,80,411
~ 3 Lacs+"
328,SUDAM MARNDI,Mayurbhanj,JMM,4,12th Pass,"Rs 17,80,596
~ 17 Lacs+","Rs 0
~"
329,A. NARENDRA,Medak,TRS,0,Graduate,"Rs 20,20,000
~ 20 Lacs+","Rs 5,00,000
~ 5 Lacs+"
330,MOHD. SHAHID,Meerut,BSP,0,5th Pass,"Rs 1,52,20,720
~ 1 Crore+","Rs 1,21,146
~ 1 Lacs+"
331,JIVABHAI AMBALAL PATEL,Mehsana,INC,0,10th Pass,"Rs 3,46,02,412
~ 3 Crore+","Rs 0
~"
332,Prabodh Panda,Midnapore,CPI,0,Graduate,"Rs 12,97,328
~ 12 Lacs+","Rs 0
~"
333,JAIPAL REDDY SUDINI,Miryalguda,INC,0,Post Graduate,"Rs 1,22,64,007
~ 1 Crore+","Rs 15,46,865
~ 15 Lacs+"
334,NARENDRA KUMAR KUSHWAHA,Mirzapur,BSP,0,12th Pass,"Rs 7,099
~ 7 Thou+","Rs 0
~"
335,ASHOK KUMAR RAWAT,Misrikh,BSP,0,Post Graduate,"Rs 14,19,108
~ 14 Lacs+","Rs 3,26,547
~ 3 Lacs+"
336,VANLALZAWMA,Mizoram,MNF,0,Post Graduate,"Rs 21,27,713
~ 21 Lacs+","Rs 0
~"
337,JAI PRAKASH,Mohanlalganj,SP,0,Graduate,"Rs 1,65,83,667
~ 1 Crore+","Rs 18,83,335
~ 18 Lacs+"
338,JAY PRAKASH NARAYAN YADAV,Monghyr,RJD,1,Post Graduate,"Rs 18,80,178
~ 18 Lacs+","Rs 1,72,602
~ 1 Lacs+"
339,DR. SHAFIQURRAHMAN BARQ,Moradabad,SP,0,Graduate,"Rs 13,49,151
~ 13 Lacs+","Rs 0
~"
340,ASHOK CHHAVIRAM ARGAL,Morena,BJP,2,12th Pass,"Rs 32,20,504
~ 32 Lacs+","Rs 4,32,625
~ 4 Lacs+"
341,ALEMAO CHURCHIL BRAZ,Mormugao,INC,1,12th Pass,"Rs 86,75,904
~ 86 Lacs+","Rs 81,72,004
~ 81 Lacs+"
342,AKHILES PRASAD SINGH,Motihari,RJD,0,Post Graduate,"Rs 36,69,358
~ 36 Lacs+","Rs 0
~"
343,LONAPPAN NAMBADAN,Mukundapuram,CPM,0,Others,"Rs 19,30,115
~ 19 Lacs+","Rs 0
~"
344,GOVINDA,Mumbai North,INC,1,Graduate,"Rs 14,52,98,405
~ 14 Crore+","Rs 2,50,00,000
~ 2 Crore+"
345,EKNATH M. GAIKWAD,Mumbai North Central,INC,0,10th Pass,"Rs 20,45,861
~ 20 Lacs+","Rs 0
~"
346,KAMAT GURUDAS,Mumbai North East,INC,0,Graduate Professional,"Rs 3,38,94,725
~ 3 Crore+","Rs 0
~"
347,SUNIL DUTT,Mumbai North West,INC,1,Graduate,"Rs 20,43,21,510
~ 20 Crore+","Rs 0
~"
348,MOHAN RAWALE,Mumbai South Central,SHS,4,10th Pass,"Rs 55,89,646
~ 55 Lacs+","Rs 1,45,918
~ 1 Lacs+"
349,P. C. THOMAS (PULLOLIL),Muvattupuzha,IFDP,0,Graduate Professional,"Rs 63,92,358
~ 63 Lacs+","Rs 12,32,410
~ 12 Lacs+"
350,CH. MUNAWWAR HASAN,Muzaffarnagar,SP,1,10th Pass,"Rs 42,17,051
~ 42 Lacs+","Rs 0
~"
351,GEORGE FERNANDES,Muzaffarpur,JD(U),0,Others,"Rs 3,39,87,410
~ 3 Crore+","Rs 0
~"
352,C. H. VIJAYASHANKAR,Mysore,BJP,0,Graduate Professional,"Rs 2,63,999
~ 2 Lacs+","Rs 21,750
~ 21 Thou+"
353,Alakesh Das,Nabadwip,CPM,0,Post Graduate,"Rs 2,78,876
~ 2 Lacs+","Rs 18,382
~ 18 Thou+"
354,W. WANGYUH,Nagaland,NPF,0,Post Graduate,"Rs 21,47,000
~ 21 Lacs+","Rs 0
~"
355,"VIJAYAN, A. K. S.",Nagapattinam,DMK,0,12th Pass,"Rs 31,91,000
~ 31 Lacs+","Rs 10,13,614
~ 10 Lacs+"
356,DR.MANDA JAGANNATH,Nagarkurnool,TDP,0,Post Graduate,"Rs 65,45,314
~ 65 Lacs+","Rs 23,39,000
~ 23 Lacs+"
357,BHANWAR SINGH DANGAWAS,Nagaur,BJP,0,12th Pass,"Rs 13,03,714
~ 13 Lacs+","Rs 0
~"
358,BELLARMIN. A. V.,Nagercoil,CPM,0,Post Graduate,"Rs 30,76,650
~ 30 Lacs+","Rs 0
~"
359,VILAS MUTTEMWAR,Nagpur,INC,0,Graduate,"Rs 1,00,20,540
~ 1 Crore+","Rs 28,98,977
~ 28 Lacs+"
360,K. C. SINGH BABA,Nainital,INC,0,12th Pass,"Rs 2,37,08,052
~ 2 Crore+","Rs 29,06,552
~ 29 Lacs+"
361,NITISH KUMAR,Nalanda,JD(U),0,Graduate,"Rs 43,89,206
~ 43 Lacs+","Rs 6,72,674
~ 6 Lacs+"
362,SURAVARAM SUDHAKAR REDDY,Nalgonda,CPI,1,Graduate Professional,"Rs 19,90,000
~ 19 Lacs+","Rs 9,62,600
~ 9 Lacs+"
363,S. P. Y. REDDY,Nandyal,INC,0,Graduate Professional,"Rs 6,46,46,900
~ 6 Crore+","Rs 1,33,74,000
~ 1 Crore+"
364,MEKAPATI RAJAMOHAN REDDY,Narasaraopet,INC,0,Graduate Professional,"Rs 6,39,61,169
~ 6 Crore+","Rs 0
~"
365,PINGALE DEVIDAS ANANDRAO,Nashik,NCP,1,10th Pass,"Rs 1,97,57,718
~ 1 Crore+","Rs 56,07,433
~ 56 Lacs+"
366,VIRCHANDRA PASWAN,Nawada,RJD,0,Post Graduate,"Rs 17,97,522
~ 17 Lacs+","Rs 1,35,728
~ 1 Lacs+"
367,PANABAKA LAKSHMI,Nellore,INC,0,Post Graduate,"Rs 53,95,726
~ 53 Lacs+","Rs 0
~"
368,AJAY MAKAN,New Delhi,INC,1,Post Graduate,"Rs 3,02,34,158
~ 3 Crore+","Rs 6,50,000
~ 6 Lacs+"
369,PRABHU R.,Nilgiris,INC,0,Post Graduate,"Rs 10,24,40,054
~ 10 Crore+","Rs 0
~"
370,MADHU GOUD YASKHI,Nizamabad,INC,0,Post Graduate,"Rs 14,27,18,537
~ 14 Crore+","Rs 3,25,60,000
~ 3 Crore+"
371,RAJEN GOHAIN,Nowgong,BJP,0,Graduate Professional,"Rs 36,79,236
~ 36 Lacs+","Rs 3,36,600
~ 3 Lacs+"
372,PARSURAM MAJHI,Nowrangpur,BJP,0,Graduate,"Rs 7,67,000
~ 7 Lacs+","Rs 25,000
~ 25 Thou+"
373,SREENIVASULU REDDY MAGUNTA,Ongole,INC,2,Graduate,"Rs 14,17,68,943
~ 14 Crore+","Rs 0
~"
374,NARHIRE KALPANA RAMESH,Osmanabad,SHS,5,10th Pass,"Rs 32,34,992
~ 32 Lacs+","Rs 5,10,681
~ 5 Lacs+"
375,S. AJAYA KUMAR,Ottapalam,CPM,3,12th Pass,"Rs 10,83,876
~ 10 Lacs+","Rs 7,80,000
~ 7 Lacs+"
376,SAJJAN KUMAR,Outer Delhi,INC,1,Literate,"Rs 13,06,055
~ 13 Lacs+","Rs 5,20,477
~ 5 Lacs+"
377,MANI CHARENAMEI,Outer Manipur,IND,0,Graduate,"Rs 2,05,000
~ 2 Lacs+","Rs 0
~"
378,BALESHWAR YADAV,Padrauna,National Loktantrik Party,0,Graduate,"Rs 69,07,100
~ 69 Lacs+","Rs 5,00,000
~ 5 Lacs+"
379,MANOJ KUMAR,Palamau,RJD,0,Graduate,"Rs 18,25,000
~ 18 Lacs+","Rs 1,25,000
~ 1 Lacs+"
380,N. N. KRISHNADAS,Palghat,CPM,4,Graduate,"Rs 15,03,105
~ 15 Lacs+","Rs 0
~"
381,PUSP JAIN,Pali,BJP,0,Graduate Professional,"Rs 16,54,429
~ 16 Lacs+","Rs 2,22,611
~ 2 Lacs+"
382,SHRIPAD YESSO NAIK,Panaji,BJP,0,Graduate,"Rs 45,37,329
~ 45 Lacs+","Rs 5,98,785
~ 5 Lacs+"
383,ATHAWALE RAMDAS BANDU,Pandharpur,RPI(A),0,Graduate,"Rs 26,56,172
~ 26 Lacs+","Rs 0
~"
384,Gurudas Dasgupta,Panskura,CPI,0,Post Graduate,"Rs 36,68,778
~ 36 Lacs+","Rs 0
~"
385,TUKARAM GANPATRAO RENGE PATIL,Parbhani,SHS,13,Post Graduate,"Rs 60,60,000
~ 60 Lacs+","Rs 19,50,000
~ 19 Lacs+"
386,KISHORE CHANDRA SURYANARAYANA DEO VYRICHERLA,Parvathipuram,INC,0,Post Graduate,"Rs 22,06,78,000
~ 22 Crore+","Rs 0
~"
387,KANODIA MAHESHKUMAR MITHABHAI,Patan,BJP,0,Literate,"Rs 1,18,42,032
~ 1 Crore+","Rs 8,03,206
~ 8 Lacs+"
388,PRENEET KAUR,Patiala,INC,0,Graduate,"Rs 41,28,67,297
~ 41 Crore+","Rs 0
~"
389,RAM KRIPAL YADAV,Patna,RJD,0,Graduate,"Rs 14,00,031
~ 14 Lacs+","Rs 2,04,942
~ 2 Lacs+"
390,G. VENKAT SWAMY,Peddapalli,INC,0,10th Pass,"Rs 1,94,64,700
~ 1 Crore+","Rs 0
~"
391,"RAJA, A.",Perambalur,DMK,0,Graduate Professional,"Rs 57,59,538
~ 57 Lacs+","Rs 13,31,049
~ 13 Lacs+"
392,AARON RASHID J. M.,Periyakulam,INC,0,10th Pass,"Rs 15,20,98,686
~ 15 Crore+","Rs 22,53,320
~ 22 Lacs+"
393,CHARANJIT SINGH ATWAL,Phillaur,SAD,0,Graduate Professional,"Rs 1,64,69,765
~ 1 Crore+","Rs 7,10,013
~ 7 Lacs+"
394,SUGRIB SINGH,Phulbani,BJD,0,Graduate,"Rs 8,69,000
~ 8 Lacs+","Rs 3,26,000
~ 3 Lacs+"
395,ATIQUE AHAMAD,Phulpur,SP,36,8th Pass,"Rs 3,37,04,071
~ 3 Crore+","Rs 0
~"
396,MANEKA GANDHI,Pilibhit,BJP,0,12th Pass,"Rs 6,67,63,700
~ 6 Crore+","Rs 0
~"
397,"KRISHNAN, DR. C",Pollachi,MDMK,0,Graduate Professional,"Rs 26,86,691
~ 26 Lacs+","Rs 2,00,000
~ 2 Lacs+"
398,RAMADASS. M.,Pondicherry,PMK,0,Doctorate,"Rs 32,17,000
~ 32 Lacs+","Rs 2,47,304
~ 2 Lacs+"
399,PATEL HARILAL MADHAVJIBHAI (HARIBHAI PATEL),Porbandar,BJP,0,8th Pass,"Rs 70,41,540
~ 70 Lacs+","Rs 17,38,534
~ 17 Lacs+"
400,AKSHAY PRATAP SINGH (GOPAL JI),Pratapgarh,SP,26,Literate,"Rs 21,69,847
~ 21 Lacs+","Rs 0
~"
401,"REGUPATHY, S.",Pudukkottai,DMK,2,Graduate Professional,"Rs 1,59,38,121
~ 1 Crore+","Rs 13,26,075
~ 13 Lacs+"
402,KALMADI SURESH,Pune,INC,1,Graduate,"Rs 3,99,47,625
~ 3 Crore+","Rs 17,00,000
~ 17 Lacs+"
403,BRAJA KISHORE TRIPATHY,Puri,BJD,0,Post Graduate,"Rs 41,97,384
~ 41 Lacs+","Rs 0
~"
404,UDAY SINGH,Purnea,BJP,0,12th Pass,"Rs 3,06,54,143
~ 3 Crore+","Rs 7,31,440
~ 7 Lacs+"
405,Bir Singh Mahato,Purulia,AIFB,2,Post Graduate,"Rs 14,74,102
~ 14 Lacs+","Rs 3,14,287
~ 3 Lacs+"
406,P. RAJENDRAN,Quilon,CPM,0,Post Graduate,"Rs 22,42,499
~ 22 Lacs+","Rs 2,27,054
~ 2 Lacs+"
407,SONIA GANDHI,Rae Bareli,INC,0,Others,"Rs 85,68,694
~ 85 Lacs+","Rs 0
~"
408,A.VENKATESH NAIK,Raichur,INC,0,12th Pass,"Rs 56,15,514
~ 56 Lacs+","Rs 4,47,987
~ 4 Lacs+"
409,Priya Ranjan Dasmunsi,Raiganj,INC,0,Post Graduate,"Rs 75,04,280
~ 75 Lacs+","Rs 30,00,000
~ 30 Lacs+"
410,VISHNUDEO SAI,Raigarh,BJP,0,12th Pass,"Rs 8,99,500
~ 8 Lacs+","Rs 70,546
~ 70 Thou+"
411,RAMESH BAIS,Raipur,BJP,0,12th Pass,"Rs 96,90,604
~ 96 Lacs+","Rs 0
~"
412,ARUNA KUMAR VUNDAVALLI,Rajahmundry,INC,2,Graduate Professional,"Rs 2,34,31,318
~ 2 Crore+","Rs 8,81,017
~ 8 Lacs+"
413,ANNAYYAGARI SAI PRATHAP,Rajampet,INC,0,12th Pass,"Rs 97,09,190
~ 97 Lacs+","Rs 11,60,909
~ 11 Lacs+"
414,SURESH PRABHAKAR PRABHU,Rajapur,SHS,1,Doctorate,"Rs 45,20,169
~ 45 Lacs+","Rs 0
~"
415,LAKSHMAN SINGH,Rajgarh,BJP,0,Graduate,"Rs 4,90,14,404
~ 4 Crore+","Rs 21,893
~ 21 Thou+"
416,DR. KATHIRIA VALLABHBHAI RAMJIBHAI,Rajkot,BJP,0,Graduate Professional,"Rs 79,71,781
~ 79 Lacs+","Rs 1,10,729
~ 1 Lacs+"
417,HEMLAL MURMU,Rajmahal,JMM,1,Not Given,"Rs 16,80,400
~ 16 Lacs+","Rs 0
~"
418,PRADEEP GANDHI,Rajnandgaon,BJP,0,Graduate,"Rs 16,99,397
~ 16 Lacs+","Rs 4,86,000
~ 4 Lacs+"
419,BHAVANI RAJENTHIRAN. M. S. K.,Ramanathapuram,DMK,0,Post Graduate,"Rs 1,51,50,840
~ 1 Crore+","Rs 5,00,000
~ 5 Lacs+"
420,P. JAYA PRADA NAHATA,Rampur,SP,0,12th Pass,"Rs 8,42,75,000
~ 8 Crore+","Rs 3,00,000
~ 3 Lacs+"
421,MOHITE SUBODH BABURAO,Ramtek,SHS,4,Graduate Professional,"Rs 44,72,038
~ 44 Lacs+","Rs 0
~"
422,SUBODH KANT SAHAY,Ranchi,INC,0,Graduate,"Rs 1,22,91,253
~ 1 Crore+","Rs 8,29,561
~ 8 Lacs+"
423,RANI. K,Rasipuram,INC,1,Post Graduate,"Rs 1,37,75,000
~ 1 Crore+","Rs 20,77,289
~ 20 Lacs+"
424,ANANT GEETE,Ratnagiri,SHS,0,12th Pass,"Rs 55,18,754
~ 55 Lacs+","Rs 12,00,000
~ 12 Lacs+"
425,CHANDRAMANI TRIPATHI,Rewa,BJP,1,Graduate Professional,"Rs 10,62,399
~ 10 Lacs+","Rs 40,000
~ 40 Thou+"
426,LALCHANDRA,Robertsganj,BSP,0,Literate,"Rs 88,030
~ 88 Thou+","Rs 1,65,515
~ 1 Lacs+"
427,BHUPINDER SINGH,Rohtak,INC,1,Graduate Professional,"Rs 94,86,571
~ 94 Lacs+","Rs 4,57,151
~ 4 Lacs+"
428,SUKHDEV SINGH LIBRA,Ropar,SAD,0,10th Pass,"Rs 1,03,32,944
~ 1 Crore+","Rs 0
~"
429,RAM CHANDRA PASWAN,Rosera,LJNSP,0,10th Pass,"Rs 42,04,913
~ 42 Lacs+","Rs 0
~"
430,MADHUSUDAN MISTRY,Sabarkantha,INC,0,Post Graduate,"Rs 18,26,173
~ 18 Lacs+","Rs 1,25,000
~ 1 Lacs+"
431,VIRENDRA KUMAR,Sagar,BJP,0,Post Graduate,"Rs 14,29,786
~ 14 Lacs+","Rs 0
~"
432,RASHEED MASOOD,Saharanpur,SP,1,Post Graduate,"Rs 2,61,75,490
~ 2 Crore+","Rs 30,50,977
~ 30 Lacs+"
433,RANJEET RANJAN,Saharsa,LJNSP,0,12th Pass,"Rs 25,49,000
~ 25 Lacs+","Rs 0
~"
434,TUFANI SAROJ,Saidpur,SP,0,Graduate,"Rs 45,58,332
~ 45 Lacs+","Rs 0
~"
435,THANGKABALU K. V.,Salem,INC,0,Post Graduate,"Rs 5,61,85,835
~ 5 Crore+","Rs 0
~"
436,HARIKEVAL PRASAD,Salempur,SP,0,Not Given,"Rs 30,37,000
~ 30 Lacs+","Rs 0
~"
437,MAHAVEER BHAGORA,Salumber,BJP,1,Post Graduate,"Rs 30,26,777
~ 30 Lacs+","Rs 0
~"
438,ALOK KUMAR MEHTA,Samastipur,RJD,0,Graduate Professional,"Rs 67,94,434
~ 67 Lacs+","Rs 0
~"
439,PRASANNA ACHARYA,Sambalpur,BJD,0,Graduate Professional,"Rs 1,01,84,422
~ 1 Crore+","Rs 8,74,591
~ 8 Lacs+"
440,PRO. RAM GOPAL YADAV,Sambhal,SP,0,Doctorate,"Rs 79,53,884
~ 79 Lacs+","Rs 4,75,000
~ 4 Lacs+"
441,Patil Prakashbapu Vasantdada,Sangli,INC,0,Graduate,"Rs 3,56,35,000
~ 3 Crore+","Rs 0
~"
442,SUKHDEV SINGH DHINDSA,Sangrur,SAD,0,Graduate,"Rs 1,39,84,341
~ 1 Crore+","Rs 0
~"
443,GUHARAM AJGALLE,Sarangarh,BJP,0,Graduate Professional,"Rs 17,68,900
~ 17 Lacs+","Rs 0
~"
444,MEIRA KUMAR,Sasaram,INC,0,Post Graduate,"Rs 2,89,56,730
~ 2 Crore+","Rs 36,00,000
~ 36 Lacs+"
445,LAXMANRAO PANDURANG JADHAV (PATIL),Satara,NCP,0,10th Pass,"Rs 99,25,739
~ 99 Lacs+","Rs 50,403
~ 50 Thou+"
446,GANESH SINGH,Satna,BJP,2,Post Graduate,"Rs 25,48,143
~ 25 Lacs+","Rs 2,36,038
~ 2 Lacs+"
447,NAMO NARAIN,Sawai Madhopur,INC,0,Post Graduate,"Rs 52,34,897
~ 52 Lacs+","Rs 4,00,000
~ 4 Lacs+"
448,M. ANJAN KUMAR YADAV,Secunderabad,INC,0,12th Pass,"Rs 42,50,700
~ 42 Lacs+","Rs 8,10,500
~ 8 Lacs+"
449,NEETA PATERIYA,Seoni,BJP,0,Post Graduate,"Rs 32,39,103
~ 32 Lacs+","Rs 41,965
~ 41 Thou+"
450,Santasri Chatterjee,Serampore,CPM,0,Graduate,"Rs 16,98,395
~ 16 Lacs+","Rs 0
~"
451,ILIYAS AZMI,Shahabad,BSP,0,Graduate,"Rs 1,96,83,626
~ 1 Crore+","Rs 0
~"
452,DALPAT SINGH PARASTE,Shahdol,BJP,0,Graduate,"Rs 68,11,000
~ 68 Lacs+","Rs 0
~"
453,KUNWAR JITIN PRASAD,Shahjahanpur,INC,0,Post Graduate,"Rs 1,71,13,691
~ 1 Crore+","Rs 6,52,823
~ 6 Lacs+"
454,THAWAR CHAND GEHLOT,Shajapur,BJP,0,Graduate,"Rs 20,16,554
~ 20 Lacs+","Rs 0
~"
455,SITARAM SINGH,Sheohar,RJD,0,Graduate,"Rs 46,24,000
~ 46 Lacs+","Rs 0
~"
456,PATY RIPPLE KYNDIAH,Shillong,INC,0,Graduate,"Rs 40,78,978
~ 40 Lacs+","Rs 0
~"
457,S. BANGARAPPA,Shimoga,BJP,2,Graduate,"Rs 3,33,02,318
~ 3 Crore+","Rs 82,98,000
~ 82 Lacs+"
458,DESHMUKH SUBHASH SURESHCHANDRA,Sholapur,BJP,0,10th Pass,"Rs 3,74,95,282
~ 3 Crore+","Rs 64,522
~ 64 Thou+"
459,SARVEY SATHYANARAYANA,Siddipet,INC,0,Graduate Professional,"Rs 11,10,000
~ 11 Lacs+","Rs 4,80,000
~ 4 Lacs+"
460,CHANDRAPRATAP SINGH,Sidhi,BJP,0,12th Pass,"Rs 7,95,619
~ 7 Lacs+","Rs 1,26,764
~ 1 Lacs+"
461,SUBHASH MEHARIA,Sikar,BJP,0,Graduate,"Rs 1,32,67,020
~ 1 Crore+","Rs 5,34,287
~ 5 Lacs+"
462,NAKUL DAS RAI,Sikkim,SDF,0,Graduate,"Rs 68,90,766
~ 68 Lacs+","Rs 14,94,475
~ 14 Lacs+"
463,SONTOSH MOHAN DEV,Silchar,INC,0,Graduate,"Rs 1,23,56,601
~ 1 Crore+","Rs 1,70,759
~ 1 Lacs+"
464,DHANI RAM SHANDIL,Simla,INC,0,Doctorate,"Rs 92,72,958
~ 92 Lacs+","Rs 958
~ 9 Hund+"
465,BAGUN SUMBRAI,Singhbhum,INC,0,10th Pass,"Rs 45,32,035
~ 45 Lacs+","Rs 2,00,000
~ 2 Lacs+"
466,ATMA SINGH GILL,Sirsa,INC,0,5th Pass,"Rs 13,02,714
~ 13 Lacs+","Rs 2,80,000
~ 2 Lacs+"
467,SITARAM YADAV,Sitamarhi,RJD,2,Graduate Professional,"Rs 48,05,008
~ 48 Lacs+","Rs 4,04,410
~ 4 Lacs+"
468,RAJESH VERMA,Sitapur,BSP,0,Post Graduate,"Rs 48,50,000
~ 48 Lacs+","Rs 10,04,319
~ 10 Lacs+"
469,"CHIDAMBARAM, P.",Sivaganga,INC,0,Post Graduate,"Rs 17,98,61,587
~ 17 Crore+","Rs 0
~"
470,"RAVICHANDRAN, A",Sivakasi,MDMK,0,Graduate,"Rs 30,58,910
~ 30 Lacs+","Rs 0
~"
471,MOHAMMAD SHAHABUDDIN,Siwan,RJD,19,Doctorate,"Rs 34,47,000
~ 34 Lacs+","Rs 4,28,930
~ 4 Lacs+"
472,KISHAN SINGH SANGWAN,Sonepat,BJP,0,Post Graduate,"Rs 77,77,238
~ 77 Lacs+","Rs 8,47,138
~ 8 Lacs+"
473,VIJAY KUMAR MALHOTRA,South Delhi,BJP,0,Doctorate,"Rs 89,88,478
~ 89 Lacs+","Rs 0
~"
474,OMAR ABDULLAH,Srinagar,JKN,0,Graduate,"Rs 1,96,84,236
~ 1 Crore+","Rs 54,998
~ 54 Thou+"
475,KRISHNASWAMY. A,Sriperumbudur,DMK,2,Graduate Professional,"Rs 22,14,854
~ 22 Lacs+","Rs 0
~"
476,MOHD. TAHIR,Sultanpur,BSP,1,12th Pass,"Rs 1,16,697
~ 1 Lacs+","Rs 0
~"
477,JUAL ORAM,Sundargarh,BJP,3,10th Pass,"Rs 57,46,675
~ 57 Lacs+","Rs 8,00,000
~ 8 Lacs+"
478,KASHIRAM RANA,Surat,BJP,0,Graduate Professional,"Rs 76,77,857
~ 76 Lacs+","Rs 0
~"
479,NAND KUMAR SAI,Surguja,BJP,1,Post Graduate,"Rs 31,24,000
~ 31 Lacs+","Rs 6,10,000
~ 6 Lacs+"
480,Seth Lakshman Chandra,Tamluk,CPM,0,Post Graduate,"Rs 8,87,175
~ 8 Lacs+","Rs 0
~"
481,RATTAN SINGH,Tarn Taran,SAD,1,Graduate Professional,"Rs 2,95,16,341
~ 2 Crore+","Rs 0
~"
482,MANABENDRA SHAH,Tehri Garhwal,BJP,0,12th Pass,"Rs 34,75,63,683
~ 34 Crore+","Rs 0
~"
483,BALASHOWRY VALLABHANENI,Tenali,INC,0,Graduate,"Rs 10,32,38,914
~ 10 Crore+","Rs 3,50,000
~ 3 Lacs+"
484,"APPADURAI, M.",Tenkasi,CPI,0,Graduate,"Rs 12,63,017
~ 12 Lacs+","Rs 0
~"
485,MONI KUMAR SUBBA,Tezpur,INC,0,8th Pass,"Rs 18,64,43,565
~ 18 Crore+","Rs 0
~"
486,PARANJAPE PRAKASH VISHVANATH,Thane,SHS,0,Graduate,"Rs 59,05,573
~ 59 Lacs+","Rs 13,82,266
~ 13 Lacs+"
487,PALANIMANICKAM. S. S.,Thanjavur,DMK,0,Graduate Professional,"Rs 35,16,998
~ 35 Lacs+","Rs 5,35,689
~ 5 Lacs+"
488,DHANARAJU. K,Tindivanam,PMK,0,Doctorate,"Rs 26,58,860
~ 26 Lacs+","Rs 0
~"
489,SUBBULAKSHMI JAGADEESAN,Tiruchengode,DMK,0,Graduate Professional,"Rs 87,34,674
~ 87 Lacs+","Rs 0
~"
490,GANESAN. L,Tiruchirappalli,MDMK,2,Graduate Professional,"Rs 19,00,000
~ 19 Lacs+","Rs 0
~"
491,"DHANUSKODI ATHITHAN, R.",Tirunelveli,INC,1,Post Graduate,"Rs 1,63,22,132
~ 1 Crore+","Rs 55,73,213
~ 55 Lacs+"
492,CHINTA MOHAN,Tirupathi,INC,0,Graduate Professional,"Rs 39,82,900
~ 39 Lacs+","Rs 13,25,256
~ 13 Lacs+"
493,"VENUGOPAL, D.",Tiruppattur,DMK,0,8th Pass,"Rs 76,85,000
~ 76 Lacs+","Rs 9,94,803
~ 9 Lacs+"
494,KAILASH MEGHWAL,Tonk,BJP,0,Post Graduate,"Rs 1,09,50,282
~ 1 Crore+","Rs 0
~"
495,C. K. CHANDRAPPAN,Trichur,CPI,0,Graduate,"Rs 88,12,606
~ 88 Lacs+","Rs 0
~"
496,BAJU BAN RIYAN,Tripura East,CPM,0,Graduate,"Rs 11,88,586
~ 11 Lacs+","Rs 0
~"
497,KHAGEN DAS,Tripura West,CPM,0,Post Graduate,"Rs 14,23,083
~ 14 Lacs+","Rs 0
~"
498,S. MALLIKARJUNAIAH,Tumkur,BJP,0,Post Graduate,"Rs 90,90,000
~ 90 Lacs+","Rs 40,000
~ 40 Thou+"
499,PURANO AGITOK SANGMA,Tura,AITC,0,Post Graduate,"Rs 3,50,32,125
~ 3 Crore+","Rs 0
~"
500,CH. LAL SINGH,Udhampur,INC,0,Graduate,"Rs 54,00,000
~ 54 Lacs+","Rs 5,00,000
~ 5 Lacs+"
501,MANORAMA MADHWARAJ,Udupi,BJP,0,Graduate,"Rs 1,37,51,985
~ 1 Crore+","Rs 27,00,000
~ 27 Lacs+"
502,DR. SATYANARAYAN JATIYA,Ujjain,BJP,0,Doctorate,"Rs 27,94,387
~ 27 Lacs+","Rs 0
~"
503,Hannan Mollah,Uluberia,CPM,0,Post Graduate,"Rs 6,21,879
~ 6 Lacs+","Rs 0
~"
504,BRAJESH PATHAK,Unnao,BSP,4,Graduate Professional,"Rs 27,76,872
~ 27 Lacs+","Rs 5,222
~ 5 Thou+"
505,RAGHUBANSH PRASAD SINGH,Vaishali,RJD,0,Doctorate,"Rs 48,71,420
~ 48 Lacs+","Rs 4,81,535
~ 4 Lacs+"
506,DR. RAJESH KUMAR MISHRA,Varanasi,INC,0,Not Given,"Rs 12,41,800
~ 12 Lacs+","Rs 4,00,000
~ 4 Lacs+"
507,"KADER MOHIDEEN, K. M",Vellore,DMK,0,Post Graduate,"Rs 28,00,000
~ 28 Lacs+","Rs 4,50,000
~ 4 Lacs+"
508,SHIVRAJ SINGH,Vidisha,BJP,2,Post Graduate,"Rs 58,14,600
~ 58 Lacs+","Rs 2,87,640
~ 2 Lacs+"
509,JANARDHANA REDDY NEDURUMALLI,Visakhapatnam,INC,0,Graduate Professional,"Rs 1,09,16,531
~ 1 Crore+","Rs 11,212
~ 11 Thou+"
510,Susmita Bauri,Vishnupur,CPM,0,Graduate Professional,"Rs 33,000
~ 33 Thou+","Rs 10,000
~ 10 Thou+"
511,WAGMARE SURESH GANAPAT,Wardha,BJP,0,Graduate,"Rs 4,41,000
~ 4 Lacs+","Rs 4,47,393
~ 4 Lacs+"
512,GAWALI (PATIL) KU. BHAVANA PUNDLIKRAO,Washim,SHS,1,Graduate,"Rs 1,88,08,750
~ 1 Crore+","Rs 7,48,904
~ 7 Lacs+"
513,RATHOD HARISING NASARU,Yavatmal,BJP,0,Graduate,"Rs 38,01,000
~ 38 Lacs+","Rs 9,45,123
~ 9 Lacs+"