cin;name;startdate;regnum;typeofcompany;listingtype;busscategory;companynature;subcategory;regauth;authcap;paidupcap;email;comp.address;status
L40101DL1975GOI007966;NTPC LIMITED;07/11/1975;7966;Public;Listed;Electricity, Gas & Water companies;Company limited by shares;Union Government Company;Registrar of Company-Delhi;100000000000;82454644000;akrastogi@ntpc.co.in;NTPC BHAWAN, SCOPE COMPLEX, 7, INSTITUTIONAL AREA LODHI ROAD NEW DELHI Delhi INDIA 110003;Active
L11100GJ1989PLC032116;ESSAR OIL LIMITED;12/09/1989;32116;Public;Listed;Mining & Quarrying;Company limited by shares;Indian Non-Government Company;Registrar of Company-Ahmedabad;50000000000;14495169000;EOLCompanySec@essar.com;KHAMBHALIA, POST BOX NO-24 JAMNAGAR Gujarat INDIA;Active
L28920MH1945PLC004520;TATA MOTORS LIMITED;01/09/1945;4520;Public;Listed;Commercial Vehicles;Company limited by shares;Indian Non-Government Company;Registrar of Company-Mumbai;39000000000;6437360134;inv_rel@tatamotors.com;Bombay House, 24 Homi Mody Street, MUMBAI Maharashtra INDIA 400001;Active
L27109DL1973GOI006454;STEEL AUTHORITY OF INDIA LIMITED;24/01/1973;6454;Public;Listed;Manufacturing (Metals & Chemicals, and products thereof);Company limited by shares;Union Government Company;Registrar of Company-Delhi;50000000000;41305252890;secy.sail@sailex.com;ISPAT BHAWAN LODHI ROAD NEW DELHI Delhi INDIA 110003;Active
L99999MH1946PLC004768;LARSEN AND TOUBRO LIMITED;07/02/1946;4768;Public;Listed;Construction and Engineering;Company limited by shares;Indian Non-Government Company;Registrar of Company-Mumbai;3250000000;1854817954;subhodh.shetty@larsentoubro.com;L & T HOUSEBALLARD ESTATE MUMBAI Maharashtra INDIA 400001;Active
L74899DL1964GOI004281;BHARAT HEAVY ELECTRICALS LIMITED;13/11/1964;4281;Public;Listed;Business Services;Company limited by shares;Union Government Company;Registrar of Company-Delhi;20000000000;4895200000;inder@bhel.in;BHEL HOUSE SIRI FORT NEW DELHI Delhi INDIA 110049;Active
L22210MH1995PLC084781;TATA CONSULTANCY SERVICES LIMITED;19/01/1995;84781;Public;Listed;IT Consulting and Software;Company limited by shares;Indian Non-Government Company;Registrar of Company-Mumbai;5250750000;2958727979;suprakash.mukhopadhyay@tcs.com;9TH FLOOR, NIRMAL BUILDING NARIMAN POINT MUMBAI Maharashtra INDIA 400021;Active
L85110KA1988GOI008959;MANGALORE REFINERY AND PETROCHEMICALS LIMITED;07/03/1988;8959;Public;Listed;Refineries Petro-Products;Company limited by shares;Union Government Company;Registrar of Company-Bangalore;20000000000;17525987770;mrpl@mrplindia.com;MUDAPADA KUTHETHUR P.O.,VIA KATIPALLA, KARNATAKA Karnataka INDIA;Active
L74899DL1995PLC070609;BHARTI AIRTEL LIMITED;07/07/1995;70609;Public;Listed;Business Services;Company limited by shares;Indian Non-Government Company;Registrar of Company-Delhi;25000000000;19987000510;compliance.officer@bharti.in;Bharti Crescent 1, Nelson Mandela Road, Vasant Kunj, Phase II, New Delhi Delhi INDIA 110070;Active
L34103DL1981PLC011375;MARUTI SUZUKI INDIA LIMITED;24/02/1981;11375;Public;Listed;Manufacturing (Machinery & Equipments);Company limited by shares;Indian Non-Government Company;Registrar of Company-Delhi;18720000000;1510400300;sanjeev.grover@maruti.co.in;Plot No.1,Nelson Mandela Road Vasant Kunj New Delhi Delhi INDIA 110070;Active
L40101TN1965GOI005389;CHENNAI PETROLEUM CORPORATION LIMITED;30/12/1965;5389;Public;Listed;Refineries Petro-Products;Company limited by shares;Union Government Company;Registrar of Company-Chennai;4000000000;1489114000;sld@cpcl.co.in;536, ANNA SALAI, TEYNAMPET MADRAS Tamil Nadu INDIA 600018;Active
L85110KA1981PLC013115;INFOSYS LIMITED;02/07/1981;13115;Public;Listed;Not Available;Company limited by shares;Indian Non-Government Company;Registrar of Company-Bangalore;12000000000;11484723320;Manikantha_AGS@infosys.com;ELECTRONICS CITY,HOSUR ROAD, BANGALORE KARNATAKA Karnataka INDIA 560100;Active
L40200DL1984GOI018976;GAIL (INDIA) LIMITED;16/08/1984;18976;Public;Listed;Electricity, Gas & Water companies;Company limited by shares;Union Government Company;Registrar of Company-Delhi;20000000000;12684774000;nknagpal@gail.co.in;16 BHIKAIJI CAMA PLACE R K PURAM NEW DELHI Delhi INDIA 110066;Active
L27100MH1907PLC000260;TATA STEEL LIMITED;26/08/1907;260;Public;Listed;Iron and Steel Interm Products;Company limited by shares;Indian Non-Government Company;Registrar of Company-Mumbai;83500000000;9712154050;cosec@tatasteel.com;BOMBAY HOUSE, 24-HOMI MODY STREET, FORT, MUMBAI Maharashtra INDIA 400001;Active
U74899DL2000GOI107739;BHARAT SANCHAR NIGAM LIMITED;15/09/2000;107739;Public;Unlisted;Business Services;Company limited by shares;Union Government Company;Registrar of Company-Delhi;175000000000;125000000000;hcpant@bsnl.co.in;BHARAT SANCHAR BHAWAN, HARISH CHANDRA MATHUR LANE, JANPATH NEW DELHI Delhi INDIA 110001;Active
L11100GJ2005PLC048030;RELIANCE PETROLEUM LIMITED;24/10/2005;48030;Public;Listed;Mining & Quarrying;Company limited by shares;Indian Non-Government Company;Registrar of Company-Ahmedabad;150000000000;44999868750;investor.relations@reliancepetroleum.com;MOTIKAHAVDI P.O.DIGVIJAYGRAM JAMNAGAR Gujarat INDIA 361140;Amalgamated
L32102KA1945PLC020800;WIPRO LIMITED;29/12/1945;20800;Public;Listed;Manufacturing (Machinery & Equipments);Company limited by shares;Indian Non-Government Company;Registrar of Company-Bangalore;6100000000;4938436554;ramachandran.venkatesan@wipro.com;DODDAKANNELLI,SARJAPUR ROAD, BANGALORE-35 BANGALORE Karnataka INDIA 560035;Active
L27020MH1958PLC011238;HINDALCO INDUSTRIES LIMITED;15/12/1958;11238;Public;Listed;Aluminium;Company limited by shares;Indian Non-Government Company;Registrar of Company-Mumbai;2150000000;2064609148;anil.malik@adityabirla.com;CENTURY BHAWAN, 3RD FLOORDR. ANNIE BESANT ROAD WORLI MUMBAI Maharashtra INDIA 400025;Active
L27102MH1994PLC152925;JSW STEEL LIMITED;15/03/1994;152925;Public;Listed;Iron and Steel Interm Products;Company limited by shares;Indian Non-Government Company;Registrar of Company-Mumbai;90150000000;10061715550;lancy.varghese@jsw.in;JSW Centre Bandra Kurla Complex, Bandra (East) MUMBAI Maharashtra INDIA 400051;Active
L65990MH1945PLC004558;MAHINDRA AND MAHINDRA LIMITED;02/10/1945;4558;Public;Listed;Finance;Company limited by shares;Indian Non-Government Company;Registrar of Company-Mumbai;6250000000;3105461920;narayan.shankar@mahindra.com;GATEWAY BUILDING , APOLLO BUNDER, MUMBAI Maharashtra INDIA 400001;Active
L74899DL1998PLC093073;PETRONET LNG LIMITED;02/04/1998;93073;Public;Listed;Oil Marketing and Distribution;Company limited by shares;Indian Non-Government Company;Registrar of Company-Delhi;12000000000;7500000440;kcsharma@petronetlng.com;FRIST FLOORWORLD TRADE CENTRE BABAR ROAD NEW DELHI Delhi INDIA 110001;Active
L16005WB1910PLC001985;ITC LIMITED;24/08/1910;1985;Public;Listed;Cigarettes-Tobacco Products;Company limited by shares;Indian Non-Government Company;Registrar of Company-Kolkata;10000000000;7953182950;isc@itc.in;VIRGINIA HOUSE, 37 JAWAHARLAL NEHRU ROAD KOLKATA West Bengal INDIA 700071;Active
U74899DL2000PLC107621;IFFCO-TOKIO GENERAL INSURANCE COMPANY LIMITED;08/09/2000;107621;Public;Unlisted;Business Services;Company limited by shares;Indian Non-Government Company;Registrar of Company-Delhi;4000000000;2693215000;amit.jain@iffcotokio.co.in;IFFCO SADAN C1 DISTT. CENTER, SAKET NEW DELHI Delhi INDIA 110017;Active
L74899DL1956GOI002674;THE STATE TRADING CORPORATION OF INDIA LIMITED;18/05/1956;2674;Public;Listed;Business Services;Company limited by shares;Union Government Company;Registrar of Company-Delhi;2000000000;600000000;co@stc.gov.in;JAWAHAR VYAPAR BHAWAN TOLSTOY MARG NEW DELHI Delhi INDIA 110001;Active
U14219TN1955PLC000961;INDIAN POTASH LIMITED;17/06/1955;961;Public;Unlisted;Mining & Quarrying;Company limited by shares;Indian Non-Government Company;Registrar of Company-Chennai;500000000;142986000;rajeshkumar@potindia.com;AMBAL BUILDING III FLOOR, P.B.NO.738 727, ANNA SALAI, CHENNAI Tamil Nadu INDIA 600006;Active
L36911KA1995PLC017077;RAJESH EXPORTS LIMITED;01/02/1995;17077;Public;Listed;Other Apparels and Accessories;Company limited by shares;Indian Non-Government Company;Registrar of Company-Bangalore;300000000;295259959;general@rajeshindia.com;4,BATAVIA CHAMBER, KUMARAKRUPA ROAD BANGALORE Karnataka INDIA;Active
L15140MH1933PLC002030;HINDUSTAN UNILEVER LIMITED;17/10/1933;2030;Public;Listed;Manufacturing (Food stuffs);Company limited by shares;Indian Non-Government Company;Registrar of Company-Mumbai;2250000000;2163464851;comsec.hul@unilever.com;UNILEVER HOUSE, B D SAWANT MARG CHAKALA, ANDHERI EAST MUMBAI Maharashtra INDIA 400099;Active
U29309TN1996PLC035377;HYUNDAI MOTOR INDIA LIMITED;06/05/1996;35377;Public;Unlisted;Not Available;Company limited by shares;Indian Non-Government Company;Registrar of Company-Chennai;14000000000;8125411000;legal@hmil.net;PLOT NO.H-1, SPICOT INDUSTRIALPARK IRRUNGATTUKOTTAI, SRIPERUMPUDUR TALUK, KANCHEE- PURAM TN Tamil Nadu INDIA 602105;Active
L35911DL1984PLC017354;HERO MOTOCORP LIMITED;19/01/1984;17354;Public;Listed;2/3 Wheelers;Company limited by shares;Indian Non-Government Company;Registrar of Company-Delhi;580000000;399375000;mayank@heromotocorp.com;34, COMMUNITY CENTRE BASANT LOK, VASANT VIHAR NEW DELHI Delhi INDIA 110057;Active
L32100GJ1996PLC030976;IDEA CELLULAR LIMITED;14/03/1995;30976;Public;Listed;Telecom Services;Company limited by shares;Indian Non-Government Company;Registrar of Company-Ahmedabad;82750000000;33196317610;pankaj.kapdeo@idea.adityabirla.com;SUMAN TOWER, PLOT NO.18, SECTOR-11, GANDHINAGAR Gujarat INDIA 382011;Active
U35301KA1963GOI001622;HINDUSTAN AERONAUTICS LIMITED;16/08/1963;1622;Public;Unlisted;Manufacturing (Machinery & Equipments);Company limited by shares;Union Government Company;Registrar of Company-Bangalore;6000000000;4820000000;cosec@hal-india.com;15/1, CUBBON ROAD,POST BOX NO.5150 BANGALORE BANGALORE Karnataka INDIA 560001;Active
U85100MH2011NPL220227;PIRAMAL HEALTHCARE FOUNDATION;27/07/2011;220227;Private;Unlisted;Not Available;Company limited by guarantee;Guarantee and association Company;Registrar of Company-Mumbai;Not Available;Not Available;corporate.secretarial@piramal.com;Piramal Tower Peninsula Corporate Park Ganpatrao Kadam Marg Lower Parel MUMBAI Maharashtra INDIA 400013;Active
L65993PN2007PLC130076;BAJAJ AUTO LIMITED.;30/04/2007;130076;Public;Listed;Finance;Company limited by shares;Indian Non-Government Company;Registrar of Company-Pune;3000000000;2893670200;jsridhar@bajajauto.co.in;Bajaj Auto Limited Complex Mumbai - Pune Road, Akurdi Pune Maharashtra INDIA 411035;Active
U36912MH1994PLC083644;RIDDISIDDHI BULLIONS LIMITED;09/12/1994;83644;Public;Unlisted;Manufacturing (Others);Company limited by shares;Indian Non-Government Company;Registrar of Company-Mumbai;100000000;98250000;info@rsbl.co.in;109 SHEIKH MEMON STREET,2ND FLOOR,OFFICE NO.27, ZAVERI BAZAR,MUMBAI 400 002 MUMBAI Maharashtra INDIA 400002;Active
L70100MH1977PLC019916;HOUSING DEVELOPMENT FINANCE CORPORATION LIMITED;17/10/1977;19916;Public;Listed;Real Estate and Renting;Company limited by shares;Indian Non-Government Company;Registrar of Company-Mumbai;3250000000;3145748940;investorcare@hdfc.com;RAMON HOUSE 169BACKBAY RECLAMATION H T PAREKH MARG MUMBAI Maharashtra INDIA 400020;Active
L65990TN1975PLC062634;STERLITE INDUSTRIES (INDIA) LIMITED;08/09/1975;62634;Public;Listed;Finance;Company limited by shares;Indian Non-Government Company;Registrar of Company-Chennai;5000000000;3361195744;comp.sect@vedanta.co.in;SIPCOT Industrial Complex, Madurai Bypass Road, T. V. Puram P.O, Tuticorin Tamil Nadu INDIA 628002;Amalgamated
L15140MH1986PLC038536;RUCHI SOYA INDUSTRIES LIMITED;06/01/1986;38536;Public;Listed;Manufacturing (Food stuffs);Company limited by shares;Indian Non-Government Company;Registrar of Company-Mumbai;2530500000;688201444;rl_gupta@ruchigroup.com;RUCHI HOUSE, ROYAL PALMS, SURVEY NO. 169, AAREY MILK COLONY,NEAR MAYUR NAGAR,GOREGAON (EAST) Mumbai Maharashtra INDIA 400065;Active
L23209WB1947GOI011529;IBP CO LIMITED;17/09/1947;11529;Public;Listed;Not Available;Company limited by shares;Union Government Company;Registrar of Company-Kolkata;1000000000;221474000;co.secy@ibpoil.com;34A NIRMAL CHANDRA STREET KOLKATA West Bengal INDIA 700013;Not Available for eFiling
U72200KA1997PTC022382;IBM INDIA PRIVATE LIMITED;13/06/1997;22382;Private;Unlisted;Business Services;Company limited by shares;Indian Non-Government Company;Registrar of Company-Bangalore;2500000000;2303592480;subhsrid@in.ibm.com;NO.12,SUBRAMANYA ARCADE,BANNERGHATTA MAIN ROAD, BANGALORE KARNATAKA Karnataka INDIA 560029;Active
U27100GJ1976FLC013787;ESSAR STEEL INDIA LIMITED;01/06/1976;13787;Public;Unlisted;Manufacturing (Metals & Chemicals and products thereof);Company limited by shares;Subsidiary of Foreign Company;Registrar of Company-Ahmedabad;72750000000;29307936720;rakesh.darji@essar.com;27km,SURAT HAZIRA ROAD HAZIRA SURAT Gujarat INDIA 394270;Active
U10102CT1985GOI003161;SOUTH EASTERN COALFIELDS LIMITED;28/11/1985;3161;Private;Unlisted;Mining & Quarrying;Company limited by shares;Union Government Company;Registrar of Company-Chhattisgarh;13000000000;3597000000;compsecy.secl@coalindia.in;SEEPAT ROAD, BILASPUR Chhattisgarh INDIA 495006;Active
L14106UP1995PLC019017;JAIPRAKASH ASSOCIATES LIMITED;15/11/1995;19017;Public;Listed;Mining & Quarrying;Company limited by shares;Indian Non-Government Company;Registrar of Company-Kanpur;25600000000;4864913950;sectl.dept@jalindia.co.in;SECTOR 128, NOIDA UP Uttar Pradesh INDIA 201304;Active
L26940MH2000PLC128420;ULTRATECH CEMENT LIMITED;24/08/2000;128420;Public;Listed;Cement and Cement Products;Company limited by shares;Indian Non-Government Company;Registrar of Company-Mumbai;2800000000;2742428770;csutcl@adityabirla.com;B-WING AHURA CENTRE 2ND FLOORMAHAKALI CAVES ROAD ANDHERI EAST MUMBAI Maharashtra INDIA 400093;Active
L23201KL1963SGC002026;KOCHI REFINERIES LIMITED;06/09/1963;2026;Public;Listed;Not Available;Company limited by shares;State Government Company;Registrar of Company-Ernakulam;1500000000;1384698000;--Not Available--;AMBALAMUGAL BUILDING NO 7/487APOST BAG NO 2 MARADU PUTHENCRUZ VILLAGE ERNAKULAM Kerala INDIA 682304;Dormant
L45309MH2004PLC147531;RELIANCE COMMUNICATIONS LIMITED;15/07/2004;147531;Public;Listed;Construction;Company limited by shares;Indian Non-Government Company;Registrar of Company-Mumbai;25000000000;12444898725;hitesh.chawda@relianceada.com;H Block 1st fl.,DHIRUBHAI AMBANI KNOWLEDGE CITY) NAVI MUMBAI NAVI MUMBAI Maharashtra INDIA 400710;Active
L99999MH1992PLC066213;JET AIRWAYS (INDIA) LIMITED;01/04/1992;66213;Public;Listed;Not Available;Company limited by shares;Indian Non-Government Company;Registrar of Company-Mumbai;2000000000;1135973830;companysecretary@jetairways.com;Siroya Centre Sahar Airport Road, Andheri (East) MUMBAI Maharashtra INDIA 400099;Active
L11101AS1959GOI001148;OIL INDIA LIMITED;18/02/1959;1148;Public;Listed;Mining & Quarrying;Company limited by shares;Union Government Company;Registrar of Company-Shillong;20000000000;6011359550;srkrishnan@oilindia.in;DULIAJAN DIST: DIBRUGARH DULIAJAN Assam INDIA 786602;Active
L27204RJ1966PLC001208;HINDUSTAN ZINC LIMITED;10/01/1966;1208;Public;Listed;Zinc;Company limited by shares;Indian Non-Government Company;Registrar of Company-Jaipur;10000000000;8450638000;rajendra.pandwal@vedanta.co.in;YASHAD BHAVAN, YASHADGARH, UDAIPUR Rajasthan INDIA 313004;Active
L99999MH1986PLC103624;VIDEOCON INDUSTRIES LIMITED;04/09/1986;103624;Public;Listed;Not Available;Company limited by shares;Indian Non-Government Company;Registrar of Company-Mumbai;6000000000;3344588750;secretarial@videoconmail.com;14. K.M STONE, AURANGABAD PAITHAN ROAD VILLAGE CHITTEGAON, TALUKA PAITHAN AURANGABAD Maharashtra INDIA 431105;Active
L13100AP1958GOI001674;NMDC LIMITED;15/11/1958;1674;Public;Listed;Mining;Company limited by shares;Union Government Company;Registrar of Company-Hyderabad;4000000000;3964716000;ims@nmdc.co.in;KHANIJ BHAVAN 10-3-311/A CASTLE HILLS,MASAB TANK HYDERABAD Andhra Pradesh INDIA 500028;Active
L28920MH1957PLC010839;SIEMENS LIMITED;02/03/1957;10839;Public;Listed;Manufacturing (Metals & Chemicals, and products thereof);Company limited by shares;Indian Non-Government Company;Registrar of Company-Mumbai;2006251390;712240390;ketan.thaker@siemens.com;130 PANDURANG BUDHKAR MARG WORLI MUMBAI Maharashtra INDIA 400018;Active
U31900DL1995PTC071387;SAMSUNG INDIA ELECTRONICS PRIVATE LIMITED;03/08/1995;71387;Private;Unlisted;Manufacturing (Machinery & Equipments);Company limited by shares;Indian Non-Government Company;Registrar of Company-Delhi;2440000000;2167875040;p.bhasin@samsung.com;A 25, Ground floor, Front Tower, Mohan Co-operative Industrial Estate, New Delhi Delhi INDIA 110044;Active
L34101TN1948PLC000105;ASHOK LEYLAND LIMITED;07/09/1948;105;Public;Listed;Commercial Vehicles;Company limited by shares;Indian Non-Government Company;Registrar of Company-Chennai;25921000000;2660676634;ramanathan.n5@ashokleyland.com;No. 1, Sardar Patel Road Guindy CHENNAI Tamil Nadu INDIA 600032;Active
U27109AP1982GOI003404;RASHTRIYA ISPAT NIGAM LIMITED;18/02/1982;3404;Public;Unlisted;Manufacturing (Metals & Chemicals and products thereof);Company limited by shares;Union Government Company;Registrar of Company-Hyderabad;80000000000;60233462000;pmr.cs@vizagsteel.com;ADMINISTRATIVE BUILDINGVISAKHAPATNAM ANDHRA PRADESH ANDHR PRADESH Andhra Pradesh INDIA 530031;Active
L23200GJ1969PLC001569;INDIAN PETROCHEMICALS CORPORATION LIMITED;22/03/1969;1569;Public;Listed;Not Available;Company limited by shares;Indian Non-Government Company;Registrar of Company-Ahmedabad;16000000000;3007027980;investorrelations.corpo@ipcl.co.in;P.O. PETROCHEMICALS-391345 VADODARA Gujarat INDIA;Amalgamated
U74899DL1971GOI005600;PEC LIMITED;21/04/1971;5600;Private;Unlisted;Business Services;Company limited by shares;Union Government Company;Registrar of Company-Delhi;600000000;600000000;ashokmonga@peclimited.com;HANSALAYA15 BARAKHAMBA ROAD NEW DELHI Delhi INDIA 110001;Active
L72200DL1986PLC023955;HCL INFOSYSTEMS LIMITED;17/04/1986;23955;Public;Listed;Computer Hardware;Company limited by shares;Indian Non-Government Company;Registrar of Company-Delhi;1155000000;445759258;sushiljain@hcl.in;806 SIDDHARTH96 NEHRU PLACE NEW DELHI Delhi INDIA 110019;Active
L74900DL1997PLC084548;LG ELECTRONICS INDIA LIMITED;20/01/1997;84548;Public;Listed;Not Available;Company limited by shares;Indian Non-Government Company;Registrar of Company-Delhi;1150000000;1131287320;--Not Available--;20-A, SHIVAJI MARG, MOTI NAGAR NEW DELHI Delhi INDIA 110015;Not Available for eFiling
L25111TN1960PLC004306;MRF LIMITED;05/11/1960;4306;Public;Listed;Manufacturing (Metals & Chemicals, and products thereof);Company limited by shares;Indian Non-Government Company;Registrar of Company-Chennai;100000000;42411430;mrfshare@mrfmail.com;NEW NO.114 (OLD NO..124), GREAMS ROAD, CHENNAI Tamil Nadu INDIA 600006;Active
U10102OR1992GOI003038;MAHANADI COALFIELDS LIMITED;03/04/1992;3038;Public;Unlisted;Mining & Quarrying;Company limited by shares;Union Government Company;Registrar of Company-Cuttack;5000000000;1864009000;cosecymcl@gmail.com;JAGRUTI VIHAR BURLA SAMBALPUR Orissa INDIA 768020;Active
L99999MH1929PLC001530;RELIANCE INFRASTRUCTURE LIMITED;01/10/1929;1530;Public;Listed;Not Available;Company limited by shares;Indian Non-Government Company;Registrar of Company-Mumbai;20500600000;2629900000;rinfra.mcafiling@relianceada.com;H Block, 1st Floor Dhirubhai Ambani Knowledge City Navi Mumbai Maharashtra INDIA 400710;Active
L27105HR1979PLC009913;JINDAL STEEL AND POWER LIMITED;28/09/1979;9913;Public;Listed;Iron and Steel Interm Products;Company limited by shares;Indian Non-Government Company;Registrar of Company-Delhi;2000000000;934845568;tksadhu@jindalsteel.com;O.P. JINDAL MARG HISAR Haryana INDIA 125005;Active
L65910DL1986GOI024862;POWER FINANCE CORPORATION LIMITED;16/07/1986;24862;Public;Listed;Finance;Company limited by shares;Union Government Company;Registrar of Company-Delhi;20000000000;13200407040;mb@pfcindia.com;'URJANIDHI', 1,BARAKHAMBA LANE, CONNAUGHT PLACE, NEW DELHI Delhi INDIA 110001;Active
U10102MP1985GOI003160;NORTHERN COALFIELDS LIMITED;28/11/1985;3160;Private;Unlisted;Mining & Quarrying;Company limited by shares;Union Government Company;Registrar of Company-Gwalior;14000000000;1776728000;cs@ncl.gov.in;P.O-Singrauli Colliery SINGRAULI. SIDHI Madhya Pradesh INDIA 486889;Active
U10102AP1920SGC000571;THE SINGARENI COLLIERIES COMPANY LIMITED;23/12/1920;571;Public;Unlisted;Mining & Quarrying;Company limited by shares;State Government Company;Registrar of Company-Hyderabad;18000000000;17331981190;cssccl@rediffmail.com;KOTHAGUDEM COLLIERIES KHAMMAM-DIST ANDHRA PRADESH Andhra Pradesh INDIA 507101;Active
L26940MH1936PLC002515;ACC LIMITED;01/08/1936;2515;Public;Listed;Manufacturing (Metals & Chemicals, and products thereof);Company limited by shares;Indian Non-Government Company;Registrar of Company-Mumbai;3250000000;1877453560;jer.dhondy@acclimited.com;CEMENT HOUSE 121MAHARSHI KARVE ROAD MUMBAI MUMBAI Maharashtra INDIA 400020;Active
U62100DL1992GOI048581;AIR INDIA LIMITED;01/05/1992;48581;Public;Unlisted;Transport, storage and Communications;Company limited by shares;Union Government Company;Registrar of Company-Delhi;5000000000;1538400000;S.Venkat@airindia.in;3RD FLOOR, TOWERII, JEEVAN BHARATI BUILDING 124 CONNAUGHT CIRCUS NEW DELHI Delhi INDIA 110001;Amalgamated
L52110DL1980PLC011099;M D OVERSEAS LIMITED;05/12/1980;11099;Public;Listed;Trading;Company limited by shares;Indian Non-Government Company;Registrar of Company-Delhi;10000000;9662000;accounts@mdoverseas.com;10-A SCINDIA HOUSE CONNAUGHT CIRCUS DELHI Delhi INDIA 110001;Active
U99999MH1955PLC009456;ICICI LIMITED;05/01/1955;9456;Public;Unlisted;Not Available;Company limited by shares;Indian Non-Government Company;Registrar of Company-Mumbai;69500000000;Not Available;--Not Available--;C-15, BANDRA-KURLA COMPLEX, BANDRA (EAST) MUMBAI Maharashtra INDIA 400051;Dormant
L40101DL1989GOI038121;POWER GRID CORPORATION OF INDIA LIMITED;23/10/1989;38121;Public;Listed;Electricity, Gas & Water companies;Company limited by shares;Union Government Company;Registrar of Company-Delhi;100000000000;52315896480;dtandon@powergridindia.com;B-9 QUTAB INSTITUTIONAL AREA KATWARIA SARAI NEW DELHI Delhi INDIA 110016;Active
U93090TN1983SGC010048;TAMILNADU STATE MARKETING CORPORATION LIMITED;23/05/1983;10048;Private;Unlisted;Not Available;Company limited by shares;State Government Company;Registrar of Company-Chennai;150000000;150000000;tasmac@md3.vsnl.net.in;IV FLOOR,CMDA TOWER II OFFICE COMPLEX, GANDHI-IRWIN BRIDGE ROAD, EGMORE CHENNAI Tamil Nadu INDIA 600008;Active
U72300TN1994PTC026590;COGNIZANT TECHNOLOGY SOLUTIONS INDIA PRIVATE LIMITED;20/01/1994;26590;Private;Unlisted;Business Services;Company limited by shares;Indian Non-Government Company;Registrar of Company-Chennai;188000000;171862620;Vijayakumar.Chandrahasan@cognizant.com;5/535, Okkiam Thoraipakkam Old Mahabalipuram Road CHENNAI Tamil Nadu INDIA 600096;Active
U40109TG1998SGC030806;ANDHRA PRADESH POWER GENERATION CORPORATION LIMITED;29/12/1998;30806;Public;Unlisted;Electricity, Gas & Water companies;Company limited by shares;State Government Company;Registrar of Company-Hyderabad;25000000000;21068000700;co.secretary@apgenco.co.gov.in;6-3-572, VIDYUT SOUDHA, KHAIARATABAD HYDERABAD  Telangana INDIA;Active
L40105DL1999PLC099328;PTC INDIA LIMITED;16/04/1999;99328;Public;Listed;Electricity, Gas & Water companies;Company limited by shares;Indian Non-Government Company;Registrar of Company-Delhi;7500000000;2960083210;cs@ptcindia.com;2 ND FLOOR, NBCC TOWER, 15,BIIKAJI CAMA PLACE NEW DELHI Delhi INDIA 110066;Active
U10200JH1956GOI000581;CENTRAL COALFIELDS LIMITED;05/09/1956;581;Public;Unlisted;Mining & Quarrying;Company limited by shares;Union Government Company;Registrar of Company-Jharkhand;11000000000;9400000000;cmd_sectt@gmail.com;RANCHI Jharkhand INDIA;Active
L26942GJ1981PLC004717;AMBUJA CEMENTS LIMITED;20/10/1981;4717;Public;Listed;Manufacturing (Metals & Chemicals, and products thereof);Company limited by shares;Indian Non-Government Company;Registrar of Company-Ahmedabad;6500000000;3103794842;shares@ambujacement.com;P O AMBUJA NAGAR, TALUKA KODINAR, AMRELI, DIST JUNAGADH Gujarat INDIA 362715;Active
L27106MH1984PLC238266;JSW ISPAT STEEL LIMITED;23/05/1984;238266;Public;Listed;Not Available;Company limited by shares;Indian Non-Government Company;Registrar of Company-Mumbai;60000000000;30015528960;ispatcal@vsnl.com;The Enclave, 5th Floor,Behind Marathe Udyog Bhavan New Prabhadevi Road, Prabhadevi, MUMBAI Maharashtra INDIA 400025;Amalgamated
L85110KA1951PLC000761;BOSCH LIMITED;12/11/1951;761;Public;Listed;Not Available;Company limited by shares;Indian Non-Government Company;Registrar of Company-Bangalore;380514600;313989000;investor@in.bosch.com;HOSUR ROAD, ADUGODI,BANGALORE BANGALORE Karnataka INDIA 560030;Active
L24220MH1945PLC004598;ASIAN PAINTS LIMITED;24/10/1945;4598;Public;Listed;Manufacturing (Metals & Chemicals, and products thereof);Company limited by shares;Indian Non-Government Company;Registrar of Company-Mumbai;1000000000;959197790;investor.relations@asianpaints.com;6ASHANTI NAGAR SANTACRUZ E MUMBAI Maharashtra INDIA 400055;Active
U74899DL1995PLC066685;TATA TELESERVICES LIMITED;23/03/1995;66685;Public;Unlisted;Business Services;Company limited by shares;Indian Non-Government Company;Registrar of Company-Delhi;150000000000;71925974230;kiran.thacker@tatatel.co.in;10TH FLOOR, TOWER I, JEEVAN BHARATI, 124 CONNAUGHT CIRCUS NEW DELHI Delhi INDIA 110001;Active
L40101DL1969GOI005095;RURAL ELECTRIFICATION CORPORATION LIMITED;25/07/1969;5095;Public;Listed;Electricity, Gas & Water companies;Company limited by shares;Union Government Company;Registrar of Company-Delhi;12000000000;9874590000;mlkumawat@recl.nic.in;CORE 4SCOPE COMPLEX 7 LODI ROAD NEW DELHI Delhi INDIA 110003;Active
L52599TN1961PLC028758;REDINGTON (INDIA) LIMITED;02/05/1961;28758;Public;Listed;Trading;Company limited by shares;Indian Non-Government Company;Registrar of Company-Chennai;850000000;799506960;mmkumar@redington.co.in;SPL GUINDY HOUSE,95, MOUNT ROAD, CHENNAI Tamil Nadu INDIA 600032;Active
U10101JH1972GOI000918;BHARAT COKING COAL LIMITED;01/01/1972;918;Private;Unlisted;Mining & Quarrying;Company limited by shares;Union Government Company;Registrar of Company-Jharkhand;51000000000;46570000000;cos@bccl.gov.in;KOYLA BHAWANKOYLA NAGAR DHANBAD Jharkhand INDIA 826005;Active
U11202AS1993GOI003893;NUMALIGARH REFINERY LTD;22/04/1993;3893;Public;Unlisted;Mining & Quarrying;Company limited by shares;Union Government Company;Registrar of Company-Shillong;10000000000;7356315440;ananta.goswami@nrl.co.in;122A, G. S. ROAD CHRISTIANBASTI GUWAHATI Assam INDIA 781005;Active
U51900MH1994PLC078303;STCI FINANCE LIMITED;10/05/1994;78303;Public;Unlisted;Trading;Company limited by shares;Indian Non-Government Company;Registrar of Company-Mumbai;5000000000;3800000000;suparna@stcionline.com;A/B 1-802, A WING 8TH FLOOR, MARATHON INNOVA, MARATHON NEXTGEN COMPOUND, OFF. G.K. MARG, LOWER PAREL WEST MUMBAI Maharashtra INDIA 400013;Active
U72200KA1997PTC022727;HEWLETT-PACKARD INDIA SALES PRIVATE LIMITED;02/09/1997;22727;Private;Unlisted;Business Services;Company limited by shares;Indian Non-Government Company;Registrar of Company-Bangalore;2000000000;1984533330;sriram.mohan@hp.com;24, Salarpuria Arena, Hosur Main Road Adugodi BANGALORE Karnataka INDIA 560030;Active
L24231PB1961PLC003747;RANBAXY LABORATORIES LTD;16/06/1961;3747;Public;Listed;Manufacturing (Metals & Chemicals, and products thereof);Company limited by shares;Indian Non-Government Company;Registrar of Company-Chandigarh;3000000000;2128317485;secretarial@ranbaxy.com;A-41 Industrial Area Phase VIII-A SAS Nagar Punjab INDIA 160071;Amalgamated
L24120TG1961PLC000892;COROMANDEL INTERNATIONAL LIMITED;16/10/1961;892;Public;Listed;Manufacturing (Metals & Chemicals, and products thereof);Company limited by shares;Indian Non-Government Company;Registrar of Company-Hyderabad;400000000;291253465;investorsgrievance@coromandel.murugappa.com;1-2-10, SARDAR PATEL ROAD,SECUNDERABAD HYDERABAD ANDHRA PRADESH Telangana INDIA 500003;Active
U40100GJ1993SGC019988;GUJARAT STATE ELECTRICITY CORPORATION LIMITED;12/08/1993;19988;Public;Unlisted;Electricity Gas & Water companies;Company limited by shares;State Government Company;Registrar of Company-Ahmedabad;35000000000;16482849240;cs.gsecl@gebmail.com;VIDYUT BHAVAN RACE COURSE BARODA Gujarat INDIA 390007;Active
U10100MH1975GOI018626;WESTERN COALFIELDS LIMITED;29/10/1975;18626;Private;Unlisted;Mining & Quarrying;Company limited by shares;Union Government Company;Registrar of Company-Mumbai;8000000000;2971000000;cosecy.wcl@gmail.com;COAL ESTATE, CIVIL LINES, NAGPUR Maharashtra INDIA 440001;Active
L15202DL1959PLC003786;NESTLE INDIA LIMITED;28/03/1959;3786;Public;Listed;Packaged Foods;Company limited by shares;Indian Non-Government Company;Registrar of Company-Delhi;1000000000;964157160;investor@in.nestle.com;M-5A CONNAUGHT CIRCUS, NEW DELHI-110001 NEW DELHI Delhi INDIA;Active
U10101WB1975GOI030295;EASTERN COALFIELDS LTD;01/11/1975;30295;Private;Unlisted;Mining & Quarrying;Company limited by shares;Union Government Company;Registrar of Company-Kolkata;46000000000;42694200000;eclcos17a@gmail.com;P.O. DISHERGARH, SANCTORIA, DT BURDWAN West Bengal INDIA 713333;Active
L32202KA1949PLC032923;ABB INDIA LIMITED;24/12/1949;32923;Public;Listed;Manufacturing (Machinery & Equipments);Company limited by shares;Indian Non-Government Company;Registrar of Company-Bangalore;500000000;423816750;b.gururaj@in.abb.com;21ST FLOOR, WORLD TRADE CENTER,BRIGADE GATEWAY, NO.26/1, DR. RAJKUMAR ROAD, MALLESHWARAM WEST. BENGALURU Karnataka INDIA 560055;Active
L74899DL1983PLC014942;BHUSHAN STEEL LIMITED;07/01/1983;14942;Public;Listed;Business Services;Company limited by shares;Indian Non-Government Company;Registrar of Company-Delhi;2750000000;2319266692;onlinefiling@gmail.com;BHUSHAN CENTRE,GROUND FLOOR, HYATT REGENCY COMPLEX BHIKAJI CAMA PLACE NEW DELHI Delhi INDIA 110066;Active
L28920MH1919PLC000567;THE TATA POWER COMPANY LIMITED;18/09/1919;567;Public;Listed;Manufacturing (Metals & Chemicals, and products thereof);Company limited by shares;Indian Non-Government Company;Registrar of Company-Mumbai;5290000000;2704626934;tatapower@tatapower.com;BOMBAY HOUSE24 HOMI MODY STREET FORT MUMBAI Maharashtra INDIA 400001;Active
U23209WB1985SGC039487;HALDIA PETROCHEMICALS LTD;16/09/1985;39487;Public;Unlisted;Manufacturing (Metals & Chemicals, and products thereof);Company limited by shares;State Government Company;Registrar of Company-Kolkata;25000000000;19590203500;Sarbani.Mitra@hpl.co.in;1 AUCKLAND PLACE KOLKATA WEST BENGAL West Bengal INDIA 700017;Active
U40109PB2010SGC033813;PUNJAB STATE POWER CORPORATION LIMITED;16/04/2010;33813;Public;Unlisted;Electricity, Gas & Water companies;Company limited by shares;State Government Company;Registrar of Company-Chandigarh;200000000000;60814742590;cspunjabpower@yahoo.com;PSEB, HEAD OFFICE THE MALL PATIALA Punjab INDIA 147001;Active
L74999TZ1984PLC001456;TITAN COMPANY LIMITED;26/07/1984;1456;Public;Listed;Business Services;Company limited by shares;Indian Non-Government Company;Registrar of Company-Coimbatore;1600000000;887786160;arrajaram@titan.co.in;3SIPCOT INDUSTRIAL COMPLEX HOSUR HOSUR Tamil Nadu INDIA 635126;Active
L26922HR1980PLC010901;JINDAL STAINLESS LIMITED;29/09/1980;10901;Public;Listed;Iron and Steel Products;Company limited by shares;Indian Non-Government Company;Registrar of Company-Delhi;950000000;409250010;hsr.harit@jslhsr.com;O.P. JINDAL MARG HISAR Haryana INDIA 125005;Active
U45207HR1997SGC033517;HARYANA POWER GENERATION CORPORATION LTD;17/03/1997;33517;Public;Unlisted;Construction;Company limited by shares;State Government Company;Registrar of Company-Delhi;30000000000;28802368000;harish.gulati@hpgcl.gov.in;C-7, URJA BHAWAN, SECTOR 6 PANCHKULA Haryana INDIA 134109;Active
L74140DL1991PLC046369;HCL TECHNOLOGIES LIMITED;12/11/1991;46369;Public;Listed;IT Consulting and Software;Company limited by shares;Indian Non-Government Company;Registrar of Company-Delhi;1500000000;1398974914;manishanand@hcl.com;806, SIDDHARTH, 96, NEHRU PLACE NEW DELHI Delhi INDIA 110019;Active
L31200GJ2004PLC044068;TORRENT POWER LIMITED;29/04/2004;44068;Public;Listed;Manufacturing (Machinery & Equipments);Company limited by shares;Indian Non-Government Company;Registrar of Company-Ahmedabad;20000000000;4724483080;cs@torrentpower.com;TORRENT HOUSE OFF ASHRAMROAD AHMEDABAD Gujarat INDIA 380009;Active
U40104MH1987GOI149458;NUCLEAR POWER CORPORATION OF INDIA LIMITED;03/09/1987;149458;Public;Unlisted;Electricity, Gas & Water companies;Company limited by shares;Union Government Company;Registrar of Company-Mumbai;150000000000;101743327000;cswtc@npcil.co.in;16TH FLOOR, CENTRE -1, WORLDTRADE CENTRE CUFFE PARADE, COLABA, MUMBAI Maharashtra INDIA 400005;Active
U40109AP2000SGC034118;SOUTHERN POWER DISTRIBUTION COMPANY OF ANDHRA PRADESH LTD;30/03/2000;34118;Public;Unlisted;Electricity, Gas & Water companies;Company limited by shares;State Government Company;Registrar of Company-Hyderabad;3600000000;3587153090;cs@southernpowerap.co.in;TIRUCHANOOR ROAD, BEHIND SRINIVASA KALYANA MANDAPAM, KESAVAYANI GUNTA TIRUPATHI Andhra Pradesh INDIA 517501;Active
L01551KA1999PLC024991;UNITED SPIRITS LIMITED;31/03/1999;24991;Public;Listed;Agriculture and Allied Activities;Company limited by shares;Indian Non-Government Company;Registrar of Company-Bangalore;5542000000;1453277430;ramachandran.venkatesan@unitedspirits.in;'UB TOWER' # 24, VITTAL MALLYA ROAD BANGALORE Karnataka INDIA 560001;Active
U74899DL2001PLC111527;BSES RAJDHANI POWER LIMITED;04/07/2001;111527;Public;Unlisted;Business Services;Company limited by shares;Indian Non-Government Company;Registrar of Company-Delhi;12000000000;10400000000;Harish.Dewan@relianceada.com;BSES BHAWAN, NEHRU PLACE DELHI Delhi INDIA 110019;Active
U72900MH2001PLC131598;RELIANCE INFRATEL LIMITED;16/04/2001;131598;Public;Unlisted;Business Services;Company limited by shares;Indian Non-Government Company;Registrar of Company-Mumbai;80000000000;28331418680;hitesh.chawda@relianceada.com;H BLOCK, 1ST FLOOR, DHIRUBHAI AMBANI KNOWLEDGE CITY, NAVI MUMBAI Maharashtra INDIA 400710;Active
L17199GJ1956PLC001107;ADITYA BIRLA NUVO LIMITED;26/09/1956;1107;Public;Listed;Manufacturing (Textiles);Company limited by shares;Indian Non-Government Company;Registrar of Company-Ahmedabad;1800000000;1301423260;abnlsecretarial@adityabirla.com;INDIAN RAYON COMPOUND, VERAVAL, GUJARAT Gujarat INDIA 362266;Active
L17110DN1986PLC000334;ALOK INDUSTRIES LIMITED;12/03/1986;334;Public;Listed;Textiles;Company limited by shares;Indian Non-Government Company;Registrar of Company-Ahmedabad;15000000000;13771155950;premkumar@alokind.com;17/5/1, 521/1, Village Rakholi/ Saily, SILVASSA Dadar Nagar Haveli INDIA 396230;Active
L24239MH1935PLC002380;CIPLA LIMITED;17/08/1935;2380;Public;Listed;Pharmaceuticals;Company limited by shares;Indian Non-Government Company;Registrar of Company-Mumbai;1750000000;1605842714;cosecretary@cipla.com;Cipla House, Peninsula Business Park Ganpatrao Kadam Marg, Lower Parel MUMBAI Maharashtra INDIA 400013;Active
L27100GJ1995PLC025609;WELSPUN CORP LIMITED;26/04/1995;25609;Public;Listed;Manufacturing (Metals & Chemicals, and products thereof);Company limited by shares;Indian Non-Government Company;Registrar of Company-Ahmedabad;2500000000;1315880400;CompanySecretary_WGSRL@welspun.com;Welspun City, Village Versamedi, Taluka Anjar Anjar Gujarat INDIA 370110;Active
L35921TN1992PLC022845;TVS MOTOR COMPANY LIMITED;10/06/1992;22845;Public;Listed;Manufacturing (Machinery & Equipments);Company limited by shares;Indian Non-Government Company;Registrar of Company-Chennai;500000000;475087114;corpsec@scl.co.in;NO:29, HADDOWS ROAD, MADRAS Tamil Nadu INDIA 600006;Active
L85110KA1995PLC018045;KINGFISHER AIRLINES LIMITED;15/06/1995;18045;Public;Listed;Airlines;Company limited by shares;Indian Non-Government Company;Registrar of Company-Bangalore;42500000000;13618229900;bharath.raghavan@flykingfisher.com;UB Tower, Level 12 UB City, 24, Vittal Mallya Road BANGALORE Karnataka INDIA 560001;Active
L24239MH1939PLC002893;TATA CHEMICALS LIMITED;23/01/1939;2893;Public;Listed;Commodity Chemicals;Company limited by shares;Indian Non-Government Company;Registrar of Company-Mumbai;2700000000;2547562780;rchandan@tatachemicals.com;BOMBAY HOUSE24 HOMI MODI ST FORT MUMBAI Maharashtra INDIA 400001;Active
U15146GJ1999PLC035320;ADANI WILMAR LIMITED;22/01/1999;35320;Public;Unlisted;Manufacturing (Food stuffs);Company limited by shares;Indian Non-Government Company;Registrar of Company-Ahmedabad;1810500000;1142948860;darshil.lakhia@adaniwilmar.in;FORTUNE HOUSE, NEAR NAVRANGPURA RAILWAY CROSSING, AHMEDABAD Gujarat INDIA 380009;Active
L27203OR1981GOI000920;NATIONAL ALUMINIUM CO LIMITED;07/01/1981;920;Public;Listed;Aluminium;Company limited by shares;Union Government Company;Registrar of Company-Cuttack;30000000000;12886192560;knravindra@nalcoindia.co.in;NALCO BHAWAN PLOT NO P/1 NAYAPALLI BHUBANESWAR Orissa INDIA 751013;Active
L23209AS1974GOI001470;BONGAIGAON REFINERY & PETROCHEMICALS LTD;20/02/1974;1470;Public;Listed;Manufacturing (Metals & Chemicals, and products thereof);Company limited by shares;Union Government Company;Registrar of Company-Shillong;2000000000;1998179000;brplacmd@bsnl.in;P O DHALIGAON DISTRICT CHIRANG  Assam INDIA 783385;Amalgamated
L65191TN1997PLC037415;IDFC LIMITED;30/01/1997;37415;Public;Listed;Finance (including NBFCs);Company limited by shares;Indian Non-Government Company;Registrar of Company-Chennai;50000000000;Not Available;mahendra.shah@idfc.com;KRM Tower, 8th Floor, No. 1, Harrington Road, Chetpet CHENNAI Tamil Nadu INDIA 600031;Active
L99999MH1937PLC002641;CROMPTON GREAVES LIMITED;28/04/1937;2641;Public;Listed;Not Available;Company limited by shares;Indian Non-Government Company;Registrar of Company-Mumbai;3610000000;1253492284;minal.bhosale@cgglobal.com;6TH FLOOR CG HOUSEAB ROAD WORLI MUMBAI Maharashtra INDIA 400030;Active
U15440DL1996PTC118008;CARGILL INDIA PRIVATE LIMITED;12/04/1996;118008;Private;Unlisted;Manufacturing (Food stuffs);Company limited by shares;Indian Non-Government Company;Registrar of Company-Delhi;1460000000;706606770;india_cargillgroup@cargill.com;111, RECTANGLE -I SAKET DISTRICT CENTER NEW DELHI Delhi INDIA 110017;Active
U34101TN1929PTC002973;T.V. SUNDRAM IYENGAR & SONS PRIVATE LIMITED;11/10/1929;2973;Private;Unlisted;Manufacturing (Machinery & Equipments);Company limited by shares;Indian Non-Government Company;Registrar of Company-Chennai;250000000;114400000;bgsarma@tvs.in;TVS BUILDING, WEST VELI STREETMADURAI. MADURAI. MADURAI. Tamil Nadu INDIA 625001;Active
L45200AP1993PLC015545;LANCO INFRATECH LIMITED;26/03/1993;15545;Public;Listed;Electric Utilities;Company limited by shares;Indian Non-Government Company;Registrar of Company-Hyderabad;5000000000;2407804920;veeru@lancogroup.com;PLOT NO.4, SOFTWARE UNITS LAYOUT, HITEC CITY, MADHAPUR, HYDERABAD Andhra Pradesh INDIA 500081;Active
L25111KL1972PLC002449;APOLLO TYRES LIMITED.;28/09/1972;2449;Public;Listed;Manufacturing (Metals & Chemicals, and products thereof);Company limited by shares;Indian Non-Government Company;Registrar of Company-Ernakulam;750000000;509024770;pn.wahal@apollotyres.com;6TH FLOORCHERUPUSHPAM BLDG SHANMUGHAM ROAD ERNAKULAM Kerala INDIA 682031;Active
L65191TN1979PLC007874;SHRIRAM TRANSPORT FINANCE COMPANY LIMITED;30/06/1979;7874;Public;Listed;Finance;Company limited by shares;Indian Non-Government Company;Registrar of Company-Chennai;5970000000;2269067360;vivekmadhukar.a@stfc.in;MOOKAMBIKA COMPLEX, 3RD FLOOR, NO. 4, LADY DESIKA ROAD,MYLAPORE, CHENNAI Tamil Nadu INDIA 600004;Active
L17119WB1919PLC003429;KESORAM INDUSTRIES LIMITED;18/10/1919;3429;Public;Listed;Diversified;Company limited by shares;Indian Non-Government Company;Registrar of Company-Kolkata;7000000000;1097686500;sksharma@kesoram.net;9/1 RN MUKHERJEE ROAD KOLKATA West Bengal INDIA 700001;Active
L74899DL1974GOI007417;NATIONAL FERTILIZERS LIMITED;23/08/1974;7417;Public;Listed;Fertilizers;Company limited by shares;Union Government Company;Registrar of Company-Delhi;10000000000;4905784000;tekchand@nfl.co.in;SCOPE COMPLEX CORE-III- 7 INSTITUIONAL AREA LODHI ROAD NEW DELHI Delhi INDIA 110003;Active
U28993MH1932PLC001828;GODREJ AND BOYCE MANUFACTURING COMPANY LIMITED;03/03/1932;1828;Public;Unlisted;Manufacturing (Metals & Chemicals, and products thereof);Company limited by shares;Indian Non-Government Company;Registrar of Company-Mumbai;200000000;66291000;info@godrej.com;PIROJSHA NAGAR, VIKHROLI, MUMBAI Maharashtra INDIA 400079;Active
L74999MH1922PLC000997;GAMMON INDIA LIMITED;15/06/1922;997;Public;Listed;Business Services;Company limited by shares;Indian Non-Government Company;Registrar of Company-Mumbai;150470000000;271549336;gammon@gammonindia.com;GAMMON HOUSE VEER SAVARKARVEER SAVARKAR MARG PRABHADEVI MUMBAI Maharashtra INDIA 400025;Active
L32309KA1954GOI000787;BHARAT ELECTRONICS LIMITED;21/04/1954;787;Public;Listed;Manufacturing (Machinery & Equipments);Company limited by shares;Union Government Company;Registrar of Company-Bangalore;1000000000;800000000;secretary@bel.co.in;OUTER RING ROAD, NAGAVARA, BANGALORE BANGALORE Karnataka INDIA 560045;Active
U74899DL1965GOI004343;ONGC VIDESH LIMITED;05/03/1965;4343;Public;Unlisted;Business Services;Company limited by shares;Union Government Company;Registrar of Company-Delhi;100000000000;100000000000;sb_singh@ongcvidesh.in;6TH FLOOR , KAILASH, 26 ,K G MARG, NEW DELHI Delhi INDIA 110001;Active
L65921GA1967PLC000157;ZUARI GLOBAL LIMITED;12/05/1967;157;Public;Listed;Finance;Company limited by shares;Indian Non-Government Company;Registrar of Company-Goa;1357500000;294406040;guruprasad.prabhu@adventz.com;JAI KISAAN BHAWAN , ZUARINAGAR  Goa INDIA 403726;Active
U62100DL1992GOI048582;INDIAN AIRLINES LIMITED;01/05/1992;48582;Public;Unlisted;Transport, storage and Communications;Company limited by shares;Union Government Company;Registrar of Company-Delhi;10000000000;4321364890;hsgrover@indianairlines.co.in;113 GURDWARA RAKABGANJ ROAD NEW DELHI Delhi INDIA 110001;Amalgamated
L01542KA1995PLC019046;SHREE RENUKA SUGARS LIMITED;25/10/1995;19046;Public;Listed;Agriculture and Allied Activities;Company limited by shares;Indian Non-Government Company;Registrar of Company-Bangalore;1850000000;928811242;iyer.dv@renukasugars.com;BC 105, POVLOCK ROAD,OFF HAVELOCK ROAD,CANTONMENT, BELGAUM-590 001. BELGAUM-590 001. Karnataka INDIA 590001;Active
U34101KA1997PTC022858;TOYOTA KIRLOSKAR MOTOR PRIVATE LIMITED;06/10/1997;22858;Private;Unlisted;Manufacturing (Machinery & Equipments);Company limited by shares;Indian Non-Government Company;Registrar of Company-Bangalore;7000000000;7000000000;legal@toyota-kirloskar.co.in;PLOT NO.1, BIDADI INDUSTRIAL-AREA RAMANAGARA TALUK, BANGALORE RURAL DISTRICT, BANGALORE RURAL DISTRICT, Karnataka INDIA 562109;Active
L40101HR1975GOI032564;NHPC LIMITED;07/11/1975;32564;Public;Listed;Electric Utilities;Company limited by shares;Union Government Company;Registrar of Company-Delhi;150000000000;123007427730;webmaster@nhpc.nic.in;NHPC OFFICE COMPLEX SECTOR- 33 FARIDABAD HARYANA Haryana INDIA 121003;Active
L45201AP1987PLC007959;IVRCL LIMITED;16/11/1987;7959;Public;Listed;Construction;Company limited by shares;Indian Non-Government Company;Registrar of Company-Hyderabad;3300000000;896769414;bs_cs@ivrinfra.com;M-22 /3RT, VIJAYANAGAR COLONY, HYDERABAD Andhra Pradesh INDIA 500057;Active
L24110MH1978GOI020185;RASHTRIYA CHEMICALS AND FERTILIZERS LIMITED;06/03/1978;20185;Public;Listed;Fertilizers;Company limited by shares;Union Government Company;Registrar of Company-Mumbai;8000000000;5516881000;kcprakash@rcfltd.com;PRIYADASHANI, EASTERN EXPRESS HIGHWAY, SION, MUMBAI Maharashtra INDIA 400022;Active
U34103TN2000PTC045537;FORD INDIA PRIVATE LIMITED;09/08/2000;45537;Private;Unlisted;Manufacturing (Machinery & Equipments);Company limited by shares;Indian Non-Government Company;Registrar of Company-Chennai;95000000000;57000000000;cavneesh@ford.com;S.P.KOIL POST,CHENGALPATTU, KANCHEEPURAM - 603 204. KANCHEEPURAM Tamil Nadu INDIA 603204;Active
L23109WB1973GOI028844;COAL INDIA LIMITED GOVT OF INDIA UNDERTAKING;14/06/1973;28844;Public;Listed;Coal;Company limited by shares;Union Government Company;Registrar of Company-Kolkata;89041800000;63163644000;mviswanathan2@coalindia.in;10-N.S.ROAD,COAL BHAVAN KOLKATA West Bengal INDIA 700001;Active
U27100DL1999PLC108350;BHUSHAN POWER & STEEL LIMITED;22/02/1999;108350;Public;Unlisted;Manufacturing (Metals & Chemicals, and products thereof);Company limited by shares;Indian Non-Government Company;Registrar of Company-Delhi;4500000000;2395400400;rkguptacs@yahoo.co.in;4TH FLOOR, TOLSTOY HOUSE, 15-17, TOLSTOY MARG, CONNAUGHT PLACE, NEW DELHI. DELHI Delhi INDIA 110001;Active
U72200AP2000PLC034765;DR. REDDY'S BIO-SCIENCES LIMITED;27/06/2000;34765;Public;Unlisted;Business Services;Company limited by shares;Indian Non-Government Company;Registrar of Company-Hyderabad;350000000;340220700;shares@drreddys.com;7-1-27,AMEERPET HYDERABAD. ADHR PRADESH Andhra Pradesh INDIA 500016;Active
L31402WB1947PLC014919;EXIDE INDUSTRIES LIMITED;31/01/1947;14919;Public;Listed;Manufacturing (Machinery & Equipments);Company limited by shares;Indian Non-Government Company;Registrar of Company-Kolkata;1000000000;850000000;supriyac@exide.co.in;Exide House 59E, Chowringhee Road KOLKATA West Bengal INDIA 700020;Active
L29308MH1954PLC009371;VOLTAS LIMITED;06/09/1954;9371;Public;Listed;Manufacturing (Machinery & Equipments);Company limited by shares;Indian Non-Government Company;Registrar of Company-Mumbai;1000000000;330747880;rajeshbhatia@voltas.com;VOLTAS HOUSE 'A'DR BABASAHEB AMBEDKAR RD CHINCHPOKLI MUMBAI Maharashtra INDIA 400033;Active
L65991TN1991PLC020783;SURANA CORPORATION LIMITED;10/05/1991;20783;Public;Listed;Finance;Company limited by shares;Indian Non-Government Company;Registrar of Company-Chennai;550000000;243587340;chandraprakash@suranacorp.com;29,WHITES ROAD29,WHITES ROAD ROYAPETTAH MADRAS-600 014. Tamil Nadu INDIA 600014;Active
L27104MH1985PLC035806;UTTAM GALVA STEELS LIMITED;29/03/1985;35806;Public;Listed;Manufacturing (Metals & Chemicals, and products thereof);Company limited by shares;Indian Non-Government Company;Registrar of Company-Mumbai;5000000000;1422601030;ilajoshi@uttamgalva.com;UTTAM HOUSE, 69,P D 'MELLO ROAD, MUMBAI Maharashtra INDIA 400009;Active
L72200AP1990PLC011146;NCC LIMITED;22/03/1990;11146;Public;Listed;Construction and Engineering;Company limited by shares;Indian Non-Government Company;Registrar of Company-Hyderabad;600000000;513167620;ho.secr@nccltd.in;NCC HOUSE MADHAPUR HYDERABAD Andhra Pradesh INDIA 500081;Active
L74999MH1994PLC077041;JSW ENERGY LIMITED;10/03/1994;77041;Public;Listed;Electric Utilities;Company limited by shares;Indian Non-Government Company;Registrar of Company-Mumbai;50000000000;16400547950;sampath.madhavan@jsw.in;JSW CENTRE, BANDRA KURLA COMPLEX BANDRA (EAST) MUMBAI Maharashtra INDIA 400051;Active
L36911MH1986PLC040689;GITANJALI GEMS LTD;21/08/1986;40689;Public;Listed;Manufacturing (Others);Company limited by shares;Indian Non-Government Company;Registrar of Company-Mumbai;1500000000;981204510;pankhuri@gitanjaligroup.com;A-1, 7th Floor, Laxmi Tower Bandra Kurla Complex, Bandra (East) Mumbai Maharashtra INDIA 400051;Active
L64200MH1986PLC041370;TECH MAHINDRA LIMITED;24/10/1986;41370;Public;Listed;Transport, storage and Communications;Company limited by shares;Indian Non-Government Company;Registrar of Company-Mumbai;6341000000;4806773760;jayaraman.g@techmahindra.com;GATEWAY BUILDING, APOLLO BUNDER, MUMBAI Maharashtra INDIA 400001;Active
L72200AP1987PLC007564;SATYAM COMPUTER SERVICES LIMITED;24/06/1987;7564;Public;Listed;Not Available;Company limited by shares;Indian Non-Government Company;Registrar of Company-Hyderabad;2800000000;2354939214;investorservices@mahindrasatyam.com;Mahindra Satyam Infocity, Unit 12, Plot No. 35/36, Hi-tech City layout, Survey No. 64, Madhapur HYDERABAD Andhra Pradesh INDIA 500081;Amalgamated
U74899DL1958GOI002925;THE HANDICRAFTS AND HANDLOOMS EXPORTS CORPORATION OF INDIA LIMITED;11/04/1958;2925;Public;Unlisted;Business Services;Company limited by shares;Union Government Company;Registrar of Company-Delhi;200000000;138200000;hhecnd@hhecworld.com;JAWAHAR VYAPAR BHAWAN ANNEXE 1- TOLSTOY MARG, NEW DELHI Delhi INDIA 110001;Active
L67120RJ1951PLC045966;JK TYRE & INDUSTRIES LIMITED;14/02/1951;45966;Public;Listed;Finance;Company limited by shares;Indian Non-Government Company;Registrar of Company-Jaipur;1800000000;453626960;pkrustagi@jkmail.com;JAYKAYGRAM PO - TYRE FACTORY KANKROLI Rajasthan INDIA 313342;Active
L93090TN1956GOI003507;NEYVELI LIGNITE CORPORATION LIMITED;14/11/1956;3507;Public;Listed;Electric Utilities;Company limited by shares;Union Government Company;Registrar of Company-Chennai;20000000000;16777096000;cosec@nlcindia.com;"NEYVELI HOUSE" NO- 135,PERIYAR E .V. R. HIGH ROAD, CHENNAI Tamil Nadu INDIA 600010;Active
L17124MP1947PLC000410;GRASIM INDUSTRIES LTD;25/08/1947;410;Public;Listed;Manufacturing (Textiles);Company limited by shares;Indian Non-Government Company;Registrar of Company-Gwalior;1005000000;918527570;anil.ladha@adityabirla.com;BIRLAGRAM NAGDA UJJAIN Madhya Pradesh INDIA 456331;Active
L29299PN1980PLC022787;THERMAX LIMITED.;30/06/1980;22787;Public;Listed;Manufacturing (Machinery & Equipments);Company limited by shares;Indian Non-Government Company;Registrar of Company-Pune;750000000;238312600;gajanan.kulkarni@thermaxindia.com;D-13 MIDC IND AREAR D AGA ROAD CHINCHWAD PUNE Maharashtra INDIA 411019;Active
U23209GJ1979SGC003281;GUJARAT STATE PETROLEUM CORPORATION LIMITED;29/01/1979;3281;Public;Unlisted;Manufacturing (Metals & Chemicals and products thereof);Company limited by shares;State Government Company;Registrar of Company-Ahmedabad;3000000000;2524486486;sandeepdave@gspc.in;GSPC BHWAN, BEHIND UDYOG BHAWAN, SECTOR-11, GANDHINAGAR Gujarat INDIA 382011;Active
L40100GJ1995PLC025447;SUZLON ENERGY LIMITED;10/04/1995;25447;Public;Listed;Electricity, Gas & Water companies;Company limited by shares;Indian Non-Government Company;Registrar of Company-Ahmedabad;15000000000;9651515488;mca@suzlon.com;SUZLON 5,SHRIMALI SOCIETY NEAR SHRI KRISHNA COMPLEX NAVRANGPURA AHMEDABAD Gujarat INDIA 380009;Active
U40109RJ2000SGC016483;JODHPUR VIDYUT VITRAN NIGAM LIMITED;19/06/2000;16483;Public;Unlisted;Electricity Gas & Water companies;Company limited by shares;State Government Company;Registrar of Company-Jaipur;35000000000;15883460000;comsec_jod@yahoo.co.in;NEW POWER HOUSE,JODHPUR JODHPUR JODHPUR Rajasthan INDIA 342003;Active
L65922MH1989PLC052257;LIC HOUSING FINANCE LIMITED;19/06/1989;52257;Public;Listed;Housing Finance;Company limited by shares;Indian Non-Government Company;Registrar of Company-Mumbai;1500000000;1009963000;lichousing@lichousing.com;Bombay Life Bldg., 2nd Floor, 45/47, Veer Nariman Road, MUMBAI Maharashtra INDIA 400001;Active
L24124RJ1985PLC003293;CHAMBAL FERTILISERS AND CHEMICALS LIMITED;07/05/1985;3293;Public;Listed;Fertilizers;Company limited by shares;Indian Non-Government Company;Registrar of Company-Jaipur;6500000000;4162078520;ms.rathore@chambal.in;Gadepan KOTA Rajasthan INDIA 325208;Active
U15209DL2000PTC104671;MOTHER DAIRY FRUIT AND VEGETABLE PRIVATE LIMITED;24/03/2000;104671;Private;Unlisted;Manufacturing (Food stuffs);Company limited by shares;Indian Non-Government Company;Registrar of Company-Delhi;8970000000;2500000700;t.joseph@motherdairy.com;MOTHER DAIRY, PATPARGANJ DELHI Delhi INDIA 110092;Active
L17120MH1897PLC000163;CENTURY TEXTILE AND INDUSTRIES LIMITED;20/10/1897;163;Public;Listed;Manufacturing (Textiles);Company limited by shares;Indian Non-Government Company;Registrar of Company-Mumbai;2480000000;1015156800;centextsec@centurytext.com;'CENTURY BHAVAN'DR ANNIE BESANT ROAD WORLI MUMBAI Maharashtra INDIA 400025;Active
U99999MH1917PLC000478;TATA SONS LIMITED;08/11/1917;478;Public;Unlisted;Not Available;Company limited by shares;Indian Non-Government Company;Registrar of Company-Mumbai;58000000000;42035946000;rpwadia@tata.com;BOMBAY HOUSE 24 HOMI MODY STREET MUMBAI Maharashtra INDIA 400001;Active
U64202TZ1995PLC007674;VODAFONE CELLULAR LIMITED;30/03/1995;7674;Public;Unlisted;Transport, storage and Communications;Company limited by shares;Indian Non-Government Company;Registrar of Company-Coimbatore;60000020000;14625906735;ajay.kadhao@vodafone.com;#1045 / 1046 Avanashi Road Coimbatore Tamil Nadu INDIA 641018;Active
L18101MH2007PLC233901;PANTALOONS FASHION & RETAIL LIMITED;19/04/2007;233901;Public;Listed;Manufacturing (Textiles);Company limited by shares;Indian Non-Government Company;Registrar of Company-Mumbai;1601500000;932985290;geetika.anand@adityabirla.com;701-704, 7TH FLOOR, SKYLINE ICON BUSINESS PARK 86-92 OFF A. K. ROAD, MAROL VILLAGE, ANDHERI EAST MUMBAI Maharashtra INDIA 400059;Active
L99999GJ1962PLC001121;GUJARAT STATE FERTILIZERS & CHEMICALS LIMITED;15/02/1962;1121;Public;Listed;Not Available;Company limited by shares;Indian Non-Government Company;Registrar of Company-Ahmedabad;3600000000;796955060;vishvesh@gsfcltd.com;P.O. FERTILIZERNAGAR, VADODARA Gujarat INDIA 391750;Active
L45209WB1924PLC004969;SIMPLEX INFRASTRUCTURES LIMITED;19/12/1924;4969;Public;Listed;Construction;Company limited by shares;Indian Non-Government Company;Registrar of Company-Kolkata;750000000;98944660;banwari.bajoria@simplexinfra.com;'SIMPLEX HOUSE' 27,SHAKESPEARE SARANI KOLKATA West Bengal INDIA 700017;Active
L40106AP1985PLC005318;BGR ENERGY SYSTEMS LIMITED;18/02/1985;5318;Public;Listed;Electricity, Gas & Water companies;Company limited by shares;Indian Non-Government Company;Registrar of Company-Hyderabad;1000000000;721615600;compliance@bgrenergy.com;PLOT NO A5,PANNAMGADUINDUSTRIAL ESTATE, RAMAPURAM POST, SULLURPET (T) NELLORE DIST Andhra Pradesh INDIA 524401;Active
U22120MH1913PLC000391;BENNETT COLEMAN AND COMPANY LIMITED;29/11/1913;391;Public;Unlisted;Manufacturing (Paper & Paper products,  Publishing, printing and reproduction of recorded media);Company limited by shares;Indian Non-Government Company;Registrar of Company-Mumbai;3110000000;2869554240;corporate.secretarial@timesgroup.com;TIMES OF INDIA BLDGD N ROAD MUMBAI Maharashtra INDIA 400001;Active
L45200MH2005PLC152061;KEC INTERNATIONAL LIMITED;18/03/2005;152061;Public;Listed;Construction;Company limited by shares;Indian Non-Government Company;Registrar of Company-Mumbai;1250000000;514176740;raoj@kecrpg.com;RPG House 463, Dr. Annie Besant Road, Worli MUMBAI Maharashtra INDIA 400030;Active
U99999HR1999SGC034165;DAKSHIN HARYANA BIJLI VITRAN NIGAM LIMITED;15/03/1999;34165;Public;Unlisted;Not Available;Company limited by shares;State Government Company;Registrar of Company-Delhi;20000000000;14391176000;csdhbvn@gmail.com;VIDYUT SADAN VIDYUT NAGAR, HISAR HARYANA Haryana INDIA;Active
L15142GJ1992PLC018745;GOKUL REFOILS AND SOLVENT LIMITED;29/12/1992;18745;Public;Listed;Edible Oils;Company limited by shares;Indian Non-Government Company;Registrar of Company-Ahmedabad;350000000;263790000;csgrsl@gokulgroup.com;STATE HIGHWAY NO 41 NR. SUJANPURA PATIA SIDHPUR Gujarat INDIA 384151;Active
L26942AP1992PLC014033;PRISM CEMENT LIMITED;26/03/1992;14033;Public;Listed;Manufacturing (Metals & Chemicals, and products thereof);Company limited by shares;Indian Non-Government Company;Registrar of Company-Hyderabad;5250000000;5033565800;aneetakulkarni@prismcement.com;305,Laxmi Niwas Apartments,Ameerpet,Hyderabad-16.  Andhra Pradesh INDIA;Active
L24100MH1983PLC029442;LUPIN LIMITED;01/03/1983;29442;Public;Listed;Manufacturing (Metals & Chemicals and products thereof);Company limited by shares;Indian Non-Government Company;Registrar of Company-Mumbai;1000000000;898976670;rajvardhansatam@lupinpharma.com;159 C S T ROADKALINA SANTACRUZ (E) MUMBAI Maharashtra INDIA 400098;Active
L74899DL1988PLC033314;PUNJ-LLOYD LIMITED;26/09/1988;33314;Public;Listed;Business Services;Company limited by shares;Indian Non-Government Company;Registrar of Company-Delhi;1000000000;664191490;anupamsharma@punjlloyd.com;PUNJ LLOYD HOUSE17-18 NEHRU PLACE NEW DELHI Delhi INDIA 110019;Active
U36900GJ1980PTC072128;SU-RAJ DIAMOND INDUSTRIES PRIVATE LIMITED;22/03/1980;72128;Private;Unlisted;Manufacturing (Others);Company limited by shares;Indian Non-Government Company;Registrar of Company-Ahmedabad;150000000;57500000;cs.surat@yahoo.com;312, Rajeshwar Apartments Timaliawad, Nanpura, Surat Gujarat INDIA 395007;Active
L70100MH1996PLC101379;HOUSING DEVELOPMENT AND INFRASTRUCTURE LIMITED;25/07/1996;101379;Public;Listed;Real Estate and Renting;Company limited by shares;Indian Non-Government Company;Registrar of Company-Mumbai;5000000000;4190039860;darshan.majmudar@hdil.in;9-01, HDIL TOWERS, ANANT KANEKAR MARG, BANDRA (EAST), MUMBAI Maharashtra INDIA 400051;Active
L24239TG1986PLC015190;AUROBINDO PHARMA LTD;26/12/1986;15190;Public;Listed;Manufacturing (Metals & Chemicals, and products thereof);Company limited by shares;Indian Non-Government Company;Registrar of Company-Hyderabad;760000000;291982275;cs@aurobindo.com;PLOT NO.2,MAITHRIVIHAR,BEHIND MAITHRI VANAM AMEERPET, HYDERABAD ANDHRA PRADESH Telangana INDIA 500038;Active
L74899DL1989PLC034923;DCM SHRIRAM LIMITED;06/02/1989;34923;Public;Listed;Diversified;Company limited by shares;Indian Non-Government Company;Registrar of Company-Delhi;1240000000;331806640;blsachdeva@dcmshriram.com;5th Floor Kanchenjunga Building 18 Barakhamba Road NEW DELHI Delhi INDIA 110001;Active
L15412WB1918PLC002964;BRITANNIA INDUSTRIES LTD;21/03/1918;2964;Public;Listed;Manufacturing (Food stuffs);Company limited by shares;Indian Non-Government Company;Registrar of Company-Kolkata;500000000;239951630;rajesharora@britindia.com;5/1A, HUNGERFORD STREET, KOLKATA West Bengal INDIA 700017;Active
L27104UP1984PLC023979;JINDAL SAW LIMITED;31/10/1984;23979;Public;Listed;Construction and Engineering;Company limited by shares;Indian Non-Government Company;Registrar of Company-Kanpur;2000000000;552453542;sunil.jain@jindalsaw.com;A-1,UPSIDC INDUSTRIAL AREA,NANDGAON ROAD KOSI KALAN, MATHURA  Uttar Pradesh INDIA 281403;Active
U40109DL2001PLC111526;TATA POWER DELHI DISTRIBUTION LIMITED;04/07/2001;111526;Public;Unlisted;Electricity Gas & Water companies;Company limited by shares;Indian Non-Government Company;Registrar of Company-Delhi;12500000000;10520000000;ajay.kalsie@tatapower-ddl.com;NDPL House Hudson Lines, Kingsway Camp, DELHI Delhi INDIA 110009;Active
L15420UP1931PLC065243;BAJAJ HINDUSTHAN SUGAR LIMITED;24/11/1931;65243;Public;Listed;Manufacturing (Food stuffs);Company limited by shares;Indian Non-Government Company;Registrar of Company-Kanpur;2710000000;816753846;pparakh@bajajhindusthan.com;Golagokaranath Lakhimpur Kheri Uttar Pradesh INDIA 262802;Active
U15114DL1995PLC203983;HONDA CARS INDIA LIMITED;05/12/1995;203983;Public;Unlisted;Manufacturing (Food stuffs);Company limited by shares;Indian Non-Government Company;Registrar of Company-Delhi;10000000000;7743762680;corporate@hondacarindia.com;409, TOWER B DLF COMMERCIAL COMPLEX, JASOLA NEW DELHI Delhi INDIA 110025;Active
L29112PN1962PLC012276;CUMMINS INDIA LIMITED;17/02/1962;12276;Public;Listed;Manufacturing (Machinery & Equipments);Company limited by shares;Indian Non-Government Company;Registrar of Company-Pune;800000000;554400000;priyanka.p.shetye@cummins.com;KOTHRUD PUNE Maharashtra INDIA 411038;Active
L15421WB1975PLC030118;BALRAMPUR CHINI MILLS LTD;14/07/1975;30118;Public;Listed;Manufacturing (Food stuffs);Company limited by shares;Indian Non-Government Company;Registrar of Company-Kolkata;650000000;244916267;bcml@bcml.in;234/3A A J C BOSE ROAD FMC FORTUNA 2ND FLOOR KOLKATA West Bengal INDIA 700020;Active
L31901WB1978PLC031411;CESC LTD;28/03/1978;31411;Public;Listed;Manufacturing (Machinery & Equipments);Company limited by shares;Indian Non-Government Company;Registrar of Company-Kolkata;1500000000;1332126451;secretarial@rp-sg.in;CESC HOUSE CHOWRINGHEE SQUARE KOLKATA West Bengal INDIA 700001;Active
L70101HR1963PLC002484;DLF LIMITED;04/07/1963;2484;Public;Listed;Real Estate and Renting;Company limited by shares;Indian Non-Government Company;Registrar of Company-Delhi;5000000000;3563854734;corporateaffairs@dlf.in;SHOPPING MALL 3RD FLOOR ARJUN MARG,PHASE I DLF CITY GURGAON HARYANA Haryana INDIA 122002;Active
L31102DL1957PLC193993;ALSTOM T AND D INDIA LIMITED;13/03/1957;193993;Public;Listed;Electric Utilities;Company limited by shares;Indian Non-Government Company;Registrar of Company-Delhi;1255000000;512093070;manojprasad.singh@alstom.com;A-18, First Floor, Okhla Industrial Area, Phase II NEW DELHI Delhi INDIA 110020;Active
U15549HR1994PTC033754;PEPSICO INDIA HOLDINGS PRIVATE LIMITED;28/01/1994;33754;Private;Unlisted;Manufacturing (Food stuffs);Company limited by shares;Indian Non-Government Company;Registrar of Company-Delhi;40000000000;36949862130;divya.bhardwaj@pepsico.com;3B DLF CORPORATE PARK 'S'BLOCKQUTAB ENCLAVE PHASE-III GURGAON-122002  Haryana INDIA;Active
L45200MH1926PLC001228;HINDUSTAN CONSTRUCTION COMPANY LIMITED;28/01/1926;1228;Public;Listed;Construction and Engineering;Company limited by shares;Indian Non-Government Company;Registrar of Company-Mumbai;1000000000;606676545;vithal.kulkarni@hccindia.com;HINCON HOUSE, 11TH FLOOR, 247PARK LAL BAHADUR SHASTRI MARG, VIKHROLI (WEST) MUMBAI Maharashtra INDIA 400083;Active
L74899DL1990PLC041350;ERA INFRA ENGINEERING LIMITED;03/09/1990;41350;Public;Listed;Business Services;Company limited by shares;Indian Non-Government Company;Registrar of Company-Delhi;750000000;663198880;cs.mca@eragroup.in;1107, Indraprakash Building, 21, Barakhamba Road, New Delhi Delhi INDIA 110001;Active
U64201DL1997PLC088088;VODAFONE DIGILINK LIMITED;20/06/1997;88088;Public;Unlisted;Transport, storage and Communications;Company limited by shares;Indian Non-Government Company;Registrar of Company-Delhi;25000000000;1203513310;Munish.Jain@Vodafone.com;C-48 OKHLA INDUSTRIAL AREA PHASE-II NEW DELHI Delhi INDIA 110020;Active
L63011DL1988GOI030915;CONTAINER CORPORATION OF INDIA LIMITED;10/03/1988;30915;Public;Listed;Transport Related Services;Company limited by shares;Union Government Company;Registrar of Company-Delhi;2000000000;1949741910;co.pro@concorindia.com;CONCOR BHAWANC-3 MATHURA ROAD OPPOSITE APOLLO HOSPITAL NEW DELHI Delhi INDIA 110044;Active
U15412MH1974PTC017797;PARLE BISCUITS PRIVATE LIMITED;26/09/1974;17797;Private;Unlisted;Manufacturing (Food stuffs);Company limited by shares;Indian Non-Government Company;Registrar of Company-Mumbai;5000000;4950000;secretarial_mum@parle.biz;NORTH LEVEL CROSSING, VILE PARLE EAST MUMBAI Maharashtra INDIA 400057;Active
L32101DL1986GOI023501;MAHANAGAR TELEPHONE NIGAM LIMITED;28/02/1986;23501;Public;Listed;Manufacturing (Machinery & Equipments);Company limited by shares;Union Government Company;Registrar of Company-Delhi;8000000000;6300000000;mtnlcsco@gmail.com;MAHANAGAR DOORSANCHAR SADAN 5TH FLOOR, 9 CGO COMPLEX LODHI ROAD Delhi INDIA 110003;Active
U29129TN1960PLC004337;TRACTORS AND FARM EQUIPMENT LIMITED.;28/11/1960;4337;Public;Unlisted;Manufacturing (Machinery & Equipments);Company limited by shares;Indian Non-Government Company;Registrar of Company-Chennai;140000000;120000000;pbs@tafe.com;861 ANNA SALAI, CHENNAI TAMILNADU Tamil Nadu INDIA 600002;Active
L29120MH1986PLC042028;JAIN IRRIGATION SYSTEMS LIMITED;30/12/1986;42028;Public;Listed;Manufacturing (Machinery & Equipments);Company limited by shares;Indian Non-Government Company;Registrar of Company-Mumbai;2973000000;924828564;jmt@jains.com;JAIN PLASTIC PARK, N.H.NO.6, BAMBHORI, JALGAON Maharashtra INDIA 425001;Active
U70200DL2009PLC189405;KRIBHCO INFRASTRUCTURE LIMITED;16/04/2009;189405;Public;Unlisted;Real Estate and Renting;Company limited by shares;Indian Non-Government Company;Registrar of Company-Delhi;5000000000;1850000000;vineet@kribhcoinfra.com;Plot No. 60, Block A Kailash Colony New Delhi Delhi INDIA 110048;Active
L31900DL1983PLC016304;HAVELLS INDIA LIMITED;08/08/1983;16304;Public;Listed;Manufacturing (Machinery & Equipments);Company limited by shares;Indian Non-Government Company;Registrar of Company-Delhi;1000500000;624587780;sanjaykumar.gupta@havells.com;1, RAJ NARAIN MARG CIVIL LINES DELHI Delhi INDIA 110054;Active
U40102RJ2000SGC016484;RAJASTHAN RAJYA VIDYUT UTPADAN NIGAM LIMITED;19/06/2000;16484;Public;Unlisted;Electricity, Gas & Water companies;Company limited by shares;State Government Company;Registrar of Company-Jaipur;100000000000;75870900000;cs@rrvun.com;R.C. DAVE MARG, VIDYUT BHANWAN , JYOTI NAGAR JAIPUR Rajasthan INDIA 302005;Active
L17111PB1973PLC003345;VARDHMAN TEXTILES LIMITED;08/10/1973;3345;Public;Listed;Manufacturing (Textiles);Company limited by shares;Indian Non-Government Company;Registrar of Company-Chandigarh;1000000000;636518790;secretarial.lud@vardhman.com;Chandigarh Road, LUDHIANA Ludhiana Punjab INDIA 141010;Active
L24230DL1975PLC007908;DABUR INDIA LIMITED;16/09/1975;7908;Public;Listed;Personal Products;Company limited by shares;Indian Non-Government Company;Registrar of Company-Delhi;2070000000;1743813073;investors@dabur.com;8/3 ASAF ALI ROAD NEW DELHI Delhi INDIA 110002;Active
U67190MH1999PLC120866;SIDBI VENTURE CAPITAL LIMITED;19/07/1999;120866;Public;Unlisted;Finance;Company limited by shares;Indian Non-Government Company;Registrar of Company-Mumbai;300000000;150000000;adhish@sidbiventure.co.in;10th FLOOR, NAMAN CENTRE, C-31, G BLOCK, BANDRA KURLA COMPLEX, BANDRA (EAST) MUMBAI Maharashtra INDIA 400051;Active
U65910DL1986PLC026363;INDIAN RAILWAY FINANCE CORPORATION LIMITED;12/12/1986;26363;Public;Unlisted;Finance;Company limited by shares;Indian Non-Government Company;Registrar of Company-Delhi;50000000000;41264600000;irfcem@spectranet.com;UG FLOOR EAST TOWER NBCC PLACEBISHAM PITAMAH MARG PRAGATI VIHAR LODHI ROAD NEW DELHI Delhi INDIA 110003;Active
U51990MH1973PTC016285;ALLANASONS PRIVATE LIMITED;01/02/1973;16285;Private;Unlisted;Trading;Company limited by shares;Indian Non-Government Company;Registrar of Company-Mumbai;20000000;19098800;ankhan@allana.com;ALLANA HOUSE4 ALLANA RD COLABA MUMBAI Maharashtra INDIA 400001;Active
L64200MH1986PLC039266;TATA COMMUNICATIONS LIMITED;19/03/1986;39266;Public;Listed;Telecom - Alternate Carriers;Company limited by shares;Indian Non-Government Company;Registrar of Company-Mumbai;4000000000;2850000000;satish.ranade@tatacommunications.com;VSB, MAHATMA GANDHI ROAD FORT MUMBAI Maharashtra INDIA 400001;Active
U24129OR1981PLC001020;PARADEEP PHOSPHATES LTD;24/12/1981;1020;Public;Unlisted;Manufacturing (Metals & Chemicals, and products thereof);Company limited by shares;Indian Non-Government Company;Registrar of Company-Cuttack;10000000000;5754500000;dmishra@paraphos.com;5TH FLOOR ORISSA STATE HANDLOOM WEAVERS' CO-OPERATIVE BUILDING.PANDIT J.N MARG BHUBANESWAR Orissa INDIA 751001;Active
U32100MH2003PLC142232;VIDEOCON INTERNATIONAL ELECTRONICS LIMITED;16/09/2003;142232;Public;Unlisted;Manufacturing (Machinery & Equipments);Company limited by shares;Indian Non-Government Company;Registrar of Company-Mumbai;90000000000;59011900000;info@viel.in;171-C 17TH FLOOR MITTALCOURT C WING NARIMAN POINT, MUMBAI Maharashtra INDIA 400021;Active
U31902WB1930PLC006663;PHILIPS INDIA LIMITED;31/01/1930;6663;Public;Unlisted;Manufacturing (Machinery & Equipments);Company limited by shares;Indian Non-Government Company;Registrar of Company-Kolkata;1120000000;575172420;rajiv.mathur@philips.com;7, JUSTICE CHANDRA MADHAB ROAD, KOLKATA West Bengal INDIA 700020;Active
U74899DL1965PLC004518;BHARAT ALUMINIUM CO LTD;27/11/1965;4518;Public;Unlisted;Business Services;Company limited by shares;Indian Non-Government Company;Registrar of Company-Delhi;5000000000;2206245000;balcolegal@vedanta.co.in;ALUMINIUM SADAN CORE -6SCOPE OFFICE COMPLEX 7 LODHI ROAD NEW DELHI Delhi INDIA 110003;Active
U32201TN1994PLC029608;AIRCEL LIMITED;20/12/1994;29608;Public;Unlisted;Manufacturing (Machinery & Equipments);Company limited by shares;Indian Non-Government Company;Registrar of Company-Chennai;200000000000;83347704430;vijay.krishnan@aircel.co.in;SPENCER PLAZA .769,ANNA SALAI CHENNAI Tamil Nadu INDIA 600002;Active
L51100GJ1993PLC019067;ADANI ENTERPRISES LIMITED;02/03/1993;19067;Public;Listed;Trading;Company limited by shares;Indian Non-Government Company;Registrar of Company-Ahmedabad;4904200000;1099810083;info@adani.com;ADANI HOUSE, SHRIMALI SOCIETY, MITHAKHALI SIX ROAD, NAVRANGPURA AHMEDABAD Gujarat INDIA 380009;Active
L26943RJ1979PLC001935;SHREE CEMENT LIMITED;25/10/1979;1935;Public;Listed;Manufacturing (Metals & Chemicals, and products thereof);Company limited by shares;Indian Non-Government Company;Registrar of Company-Jaipur;750000000;348372250;shreebwr@shreecementltd.com;BANGUR NAGAR BEAWAR Rajasthan INDIA 305901;Active
L25100MH1958PLC011041;CEAT LIMITED;10/03/1958;11041;Public;Listed;Manufacturing (Metals & Chemicals, and products thereof);Company limited by shares;Indian Non-Government Company;Registrar of Company-Mumbai;600000000;404500920;investors@ceat.in;463, DR. ANNIE BESANT ROAD, WORLI, MUMBAI Maharashtra INDIA 400030;Active
L99999DN1982PLC000128;JBF INDUSTRIES LIMITED;12/07/1982;128;Public;Listed;Fibres and Plastics;Company limited by shares;Indian Non-Government Company;Registrar of Company-Ahmedabad;2250000000;1792819370;sec.shares@jbfmail.com;SURVEY NO. 273 VILLAGE ATHOLA,SILVASSA DADR NAGAR HAVELI Dadar Nagar Haveli INDIA 396230;Active
L30007KA1992PLC025294;MPHASIS LIMITED;10/08/1992;25294;Public;Listed;Manufacturing (Machinery & Equipments);Company limited by shares;Indian Non-Government Company;Registrar of Company-Bangalore;2450000000;2101416630;sivaram.nair@mphasis.com;BAGMANE WORLD TECHNOLOGY CENTER, MARATHALLI OUTER RING ROAD, DODDANNAKHUNDHI VILLAGE, MAHADEVAPURA BANGALORE Karnataka INDIA 560048;Active
U04010CT1995PLC008985;JINDAL POWER LIMITED;30/01/1995;8985;Public;Unlisted;Not Available;Company limited by shares;Indian Non-Government Company;Registrar of Company-Chhattisgarh;30000000000;13488000000;dhiraj.maggo@jindalsteel.com;Jindal Power Limited TAMNAR Chhattisgarh INDIA 496107;Active
L14200WB1994PLC104573;REI AGRO LIMITED;14/09/1994;104573;Public;Listed;Mining & Quarrying;Company limited by shares;Indian Non-Government Company;Registrar of Company-Kolkata;2000000000;1357984954;mandan@reiagro.com;EVEREST HOUSE46C CHOWRINGHEE ROAD KOLKATA West Bengal INDIA 700071;Active
L26942TN1946PLC000931;THE INDIA CEMENTS LIMITED;21/02/1946;931;Public;Listed;Manufacturing (Metals & Chemicals, and products thereof);Company limited by shares;Indian Non-Government Company;Registrar of Company-Chennai;5350000000;3071782494;investor@indiacements.co.in;"DHUN BUILDING" 827, ANNA SALAI, CHENNAI Tamil Nadu INDIA 600002;Active
U52110CH1974SGC003404;PUNJAB STATE CIVIL SUPPLIES CORPORATION LIMITED;14/02/1974;3404;Public;Unlisted;Trading;Company limited by shares;State Government Company;Registrar of Company-Chandigarh;50000000;37300000;CASHARMASANJEEV@GMAIL.COM;SCO 36-40 SECTOR 34 A CHANDIGARH CHANDIGARH Chandigarh INDIA 160022;Active
U40109RJ2000SGC016486;JAIPUR VIDYUT VITRAN NIGAM LIMITED;19/06/2000;16486;Public;Unlisted;Electricity, Gas & Water companies;Company limited by shares;State Government Company;Registrar of Company-Jaipur;60000000000;46274580000;jaipurdiscom@rajenergy.com;Vidyut Bhawan Janpath Jyoti Nagar JAIPUR JAIPUR Rajasthan INDIA 302005;Active
L17111GJ1979PLC003463;GARDEN SILK MILLS LIMITED;23/07/1979;3463;Public;Listed;Textiles;Company limited by shares;Indian Non-Government Company;Registrar of Company-Ahmedabad;600000000;416198120;sharedepartment@gardenvareli.com;Tulsi Krupa Arcade, 1st Floor, Near Aai Mata Chowk Puna-Kumbharia Road, Dumbhal, SURAT Gujarat INDIA 395010;Active
U15130MH1985PTC038459;PARLE AGRO PRIVATE LIMITED;26/12/1985;38459;Private;Unlisted;Manufacturing (Food stuffs);Company limited by shares;Indian Non-Government Company;Registrar of Company-Mumbai;150000000;82000000;rajendra.kothari@parleagro.com;WESTERN EXPRESS HIGHWAY ANDHERI EAST MUMBAI Maharashtra INDIA 400099;Active
L40300MH1987PLC045657;GTL LIMITED;23/12/1987;45657;Public;Listed;Other Telecom Services;Company limited by shares;Indian Non-Government Company;Registrar of Company-Mumbai;11000000000;8072967810;gtlshares@gtllimited.com;'GLOBAL'VISION "ELECTRONIC SADAN NO II MIDC,TTC, INDUSTRIAL AREA MAHAPE NAVI MUMBAI Maharashtra INDIA 400710;Active
U33111TN1986PLC013119;SIVA VENTURES LIMITED;23/06/1986;13119;Public;Unlisted;Manufacturing (Machinery & Equipments);Company limited by shares;Indian Non-Government Company;Registrar of Company-Chennai;70000000;36831710;ramakrishnan.kannan@sih.co.in;327 ANNA SALAI, TEYNAMPET, CHENNAI Tamil Nadu INDIA 600018;Amalgamated
U74999TN1998PLC040075;DISHNET WIRELESS LIMITED;10/03/1998;40075;Public;Unlisted;Business Services;Company limited by shares;Indian Non-Government Company;Registrar of Company-Chennai;20750000000;16386157200;krishnakumar.bhojane-ca@aircel.co.in;5TH FLOOR,SPENCER PLAZA 769 ANNA SALAI CHENNAI Tamil Nadu INDIA 600002;Active
U99999MH1942PTC019618;SHAPOORJI PALLONJI AND COMPANY (RAJKOT) PRIVATE LIMITED;03/07/1942;19618;Private;Unlisted;Not Available;Company limited by shares;Indian Non-Government Company;Registrar of Company-Mumbai;465000000;464000000;sharmila.biswas@shapoorji.com;70, NAGINDAS MASTER ROAD, FORT, MUMBAI Maharashtra INDIA 400023;Amalgamated
U74999MH2002PLC138032;RELIANCE MONEY EXPRESS LIMITED;28/11/2002;138032;Public;Unlisted;Business Services;Company limited by shares;Indian Non-Government Company;Registrar of Company-Mumbai;300000000;138131400;hetal.d.shah@relianceada.com;11th Floor, R-Tech IT Park, Western Express Highway, Goregaon (East) Mumbai Maharashtra INDIA 400063;Active
U74899DL1992PLC051124;SHAKTI BHOG FOODS LIMITED;24/11/1992;51124;Public;Unlisted;Business Services;Company limited by shares;Indian Non-Government Company;Registrar of Company-Delhi;300000000;262400130;csrajeevlochan@shaktibhog.com;1101-1103, Pearls Business Park Netaji Subhash Place, Pitampura New Delhi Delhi INDIA 110034;Active
U24240GJ1980PLC003670;NIRMA LIMITED;25/02/1980;3670;Public;Unlisted;Manufacturing (Metals & Chemicals and products thereof);Company limited by shares;Indian Non-Government Company;Registrar of Company-Ahmedabad;1505000000;1005593122;sec_nirma@nirma.co.in;NIRMA HOUSE ASHRAM ROAD AHMEDABAD Gujarat INDIA 380009;Active
L74899HR1944PLC039088;ESCORTS LIMITED;17/10/1944;39088;Public;Listed;Business Services;Company limited by shares;Indian Non-Government Company;Registrar of Company-Delhi;12890000000;1225768780;statutoryfiling@escorts.co.in;SCO-232, Ist FLOOR SECTOR-20 PANCHKULA Haryana INDIA 134109;Active
U35100MH1934GOI002079;MAZAGON DOCK SHIPBUILDERS LIMITED;26/02/1934;2079;Private;Unlisted;Manufacturing (Machinery & Equipments);Company limited by shares;Union Government Company;Registrar of Company-Mumbai;3237200000;1992000000;ess2006@gmail.com;DOCKYARD ROAD, MUMBAI Maharashtra INDIA 400010;Active
L29191PN1960PLC020063;WHIRLPOOL OF INDIA LIMITED;09/07/1960;20063;Public;Listed;Manufacturing (Machinery & Equipments);Company limited by shares;Indian Non-Government Company;Registrar of Company-Pune;3050000000;1268718300;ravi_kumar_sabharwal@whirlpool.com;A-4, MIDC, RANJANGAON,TALUKA-SHIRUR, DIST: PUNE  Maharashtra INDIA;Active
L24230GJ1993PLC019050;SUN PHARMACEUTICAL INDUSTRIES LIMITED;01/03/1993;19050;Public;Listed;Manufacturing (Metals & Chemicals, and products thereof);Company limited by shares;Indian Non-Government Company;Registrar of Company-Ahmedabad;6000000000;2406423348;ashok.bhuta@sunpharma.com;SPARC TANDALJA VADODARA Gujarat INDIA 390020;Active
