State,Constituency,Date Of Election,Candidate,Candidate ID,Party,Age,Sex,Category
ANDAMAN & NICOBAR ISLANDS,ANDAMAN & NICOBAR ISLANDS,4/10/2014,Bishnu Pada Ray,585,BJP,64,M,GEN
ANDHRA PRADESH,AMALAPURAM,5/7/2014,Pandula Ravindra Babu,8160,TDP,58,M,SC
ANDHRA PRADESH,ANAKAPALLE,5/7/2014,Muttamsetti Srinivasa Rao,8245,TDP,47,M,GEN
ANDHRA PRADESH,ANANTAPUR,5/7/2014,Jutur Chinna Reddy Divakar Reddy,8326,TDP,70,M,GEN
ANDHRA PRADESH,ARAKU,5/7/2014,Kothapalli Geetha,8865,Yuvajana Sramika Rythu Congress Party,43,F,ST
ANDHRA PRADESH,BAPATLA,5/7/2014,Malyadri Sriram,8482,TDP,60,M,SC
ANDHRA PRADESH,CHITTOOR,5/7/2014,Naramalli Sivaprasad,8170,TDP,62,M,SC
ANDHRA PRADESH,ELURU,5/7/2014,Venkateswara Rao Maganti,8178,TDP,54,M,GEN
ANDHRA PRADESH,GUNTUR,5/7/2014,Jayadev Galla,8183,TDP,48,M,GEN
ANDHRA PRADESH,HINDUPUR,5/7/2014,Kristappa Nimmala,8911,TDP,57,M,GEN
ANDHRA PRADESH,KADAPA,5/7/2014,Avinash Reddy Yeduguri Sandinti,8191,Yuvajana Sramika Rythu Congress Party,29,M,GEN
ANDHRA PRADESH,KAKINADA,5/7/2014,Thota Venkata Narasimham,8194,TDP,53,M,GEN
ANDHRA PRADESH,KURNOOL,5/7/2014,Butta Renuka,8202,Yuvajana Sramika Rythu Congress Party,42,F,GEN
ANDHRA PRADESH,MACHILIPATNAM,5/7/2014,Konakalla Narayana Rao,8339,TDP,64,M,GEN
ANDHRA PRADESH,NANDYAL,5/7/2014,S.P.Y Reddy,8211,Yuvajana Sramika Rythu Congress Party,64,M,GEN
ANDHRA PRADESH,NARASARAOPET,5/7/2014,Rayapati Sambasiva Rao,8213,TDP,70,M,GEN
ANDHRA PRADESH,NARSAPURAM,5/7/2014,Gokaraju Ganga Raju,9455,BJP,69,M,GEN
ANDHRA PRADESH,NELLORE,5/7/2014,Mekapati Rajamohan Reddy,8343,Yuvajana Sramika Rythu Congress Party,69,M,GEN
ANDHRA PRADESH,ONGOLE,5/7/2014,Yarram Venkata Subbareddy,8505,Yuvajana Sramika Rythu Congress Party,53,M,GEN
ANDHRA PRADESH,RAJAHMUNDRY,5/7/2014,Murali Mohan Maganti,8985,TDP,73,M,GEN
ANDHRA PRADESH,RAJAMPET,5/7/2014,P.V.Midhun Reddy,8510,Yuvajana Sramika Rythu Congress Party,36,M,GEN
ANDHRA PRADESH,SRIKAKULAM,5/7/2014,Rammohannaidu Kinjarapu,8230,TDP,27,M,GEN
ANDHRA PRADESH,TIRUPATI,5/7/2014,Varaprasad Rao Velagapalli,8233,Yuvajana Sramika Rythu Congress Party,61,M,SC
ANDHRA PRADESH,VIJAYAWADA,5/7/2014,Srinivas Kesineni,8239,TDP,48,M,GEN
ANDHRA PRADESH,VISAKHAPATNAM,5/7/2014,Dr. Kambhampati Hari Babu,9055,BJP,60,M,GEN
ANDHRA PRADESH,VIZIANAGARAM,5/7/2014,Ashok Gajapathi Raju Pusapati,9061,TDP,62,M,GEN
ARUNACHAL PRADESH,ARUNACHAL EAST,4/9/2014,Ninong Ering,406,INC,55,M,GEN
ARUNACHAL PRADESH,ARUNACHAL WEST,4/9/2014,Kiren Rijiju,246,BJP,42,M,GEN
ASSAM,AUTONOMOUS DISTRICT,4/12/2014,Biren Singh Engti,2271,INC,74,M,ST
ASSAM,BARPETA,4/24/2014,Siraj Uddin Ajmal,4857,AIUDF,57,M,GEN
ASSAM,DHUBRI,4/24/2014,Badruddin Ajmal,4088,AIUDF,50,M,GEN
ASSAM,DIBRUGARH,4/7/2014,Rameshwar Teli,81,BJP,43,M,GEN
ASSAM,GAUHATI,4/24/2014,Smt. Bijoya Chakraborty,82,BJP,75,F,GEN
ASSAM,JORHAT,4/7/2014,Kamakhya Prasad Tasa,85,BJP,38,M,GEN
ASSAM,KALIABOR,4/7/2014,Gourav Gogoi,115,INC,31,M,GEN
ASSAM,KARIMGANJ,4/12/2014,Radheshyam Biswas,2240,AIUDF,59,M,SC
ASSAM,KOKRAJHAR,4/24/2014,Naba Kumar Sarania,4096,IND,45,M,SC
ASSAM,LAKHIMPUR,4/7/2014,Sarbananda Sonowal,517,BJP,52,M,GEN
ASSAM,MANGALDOI,4/24/2014,Ramen Deka,83,BJP,59,M,GEN
ASSAM,NOWGONG,4/24/2014,Rajen Gohain,84,BJP,63,M,GEN
ASSAM,SILCHAR,4/12/2014,Sushmita Dev,2255,INC,41,F,GEN
ASSAM,TEZPUR,4/7/2014,Ram Prasad Sarmah,80,BJP,58,M,GEN
BIHAR,ARARIA,4/24/2014,Taslim Uddin,4456,RJD,72,M,GEN
BIHAR,ARRAH,4/17/2014,Raj Kumar Singh,2641,BJP,61,M,GEN
BIHAR,AURANGABAD,4/10/2014,Sushil Kumar Singh,371,BJP,48,M,GEN
BIHAR,BANKA,4/24/2014,Jaiprakash Narayan Yadav,4467,RJD,60,M,GEN
BIHAR,BEGUSARAI,4/30/2014,Bhola Singh,6156,BJP,75,M,GEN
BIHAR,BHAGALPUR,4/24/2014,Shailesh Kumar Urph Bulo Mandal,4470,RJD,38,M,GEN
BIHAR,BUXAR,4/17/2014,Ashwini Kumar Choubey,2656,BJP,61,M,GEN
BIHAR,DARBHANGA,4/30/2014,Kirti Azad,6166,BJP,55,M,GEN
BIHAR,GAYA,4/10/2014,Hari Manjhi,155,BJP,51,M,SC
BIHAR,GOPALGANJ,5/12/2014,Janak Ram,9138,BJP,42,M,SC
BIHAR,HAJIPUR,5/7/2014,Ram Vilas Paswan,8120,LJP,67,M,SC
BIHAR,JAHANABAD,4/17/2014,Dr. Arun Kumar,2671,Rashtriya Lok Samta Party,55,M,GEN
BIHAR,JAMUI,4/10/2014,Chirag Kumar Paswan,158,LJP,32,M,SC
BIHAR,JHANJHARPUR,4/30/2014,Birendra Kumar Chaudhary,6180,BJP,60,M,GEN
BIHAR,KARAKAT,4/10/2014,Upendra Kushwaha,554,Rashtriya Lok Samta Party,51,M,GEN
BIHAR,KATIHAR,4/24/2014,Shah Tariq Anwar,4109,NCP,63,M,GEN
BIHAR,KHAGARIA,4/30/2014,Choudhary Mahboob Ali Kaiser,6773,LJP,47,M,GEN
BIHAR,KISHANGANJ,4/24/2014,Mohammad Asrarul Haque,4488,INC,67,M,GEN
BIHAR,MADHEPURA,4/30/2014,Rajesh Ranjan Urf Pappu Yadav,6198,RJD,46,M,GEN
BIHAR,MADHUBANI,4/30/2014,Hukum Deo Narayan Yadav,6237,BJP,77,M,GEN
BIHAR,MAHARAJGANJ,5/7/2014,Janardan Singh Sigriwal,87,BJP,50,M,GEN
BIHAR,MUNGER,4/17/2014,Veena Devi,2695,LJP,41,F,GEN
BIHAR,MUZAFFARPUR,5/7/2014,Ajay Nishad,8130,BJP,45,M,GEN
BIHAR,NALANDA,4/17/2014,Kaushlendra Kumar,2725,JD(U),49,M,GEN
BIHAR,NAWADA,4/10/2014,Giriraj Singh,149,BJP,61,M,GEN
BIHAR,PASCHIM CHAMPARAN,5/12/2014,Dr. Sanjay Jayaswal,114,BJP,49,M,GEN
BIHAR,PATALIPUTRA,4/17/2014,Ram Kripal Yadav,2750,BJP,53,M,GEN
BIHAR,PATNA SAHIB,4/17/2014,Shatrughan Sinha,88,BJP,67,M,GEN
BIHAR,PURNIA,4/24/2014,Santosh Kumar,3975,JD(U),35,M,GEN
BIHAR,PURVI CHAMPARAN,5/12/2014,Radha Mohan Singh,9156,BJP,64,M,GEN
BIHAR,SAMASTIPUR,4/30/2014,Ram Chandra Paswan,6248,LJP,53,M,SC
BIHAR,SARAN,5/7/2014,Rajiv Pratap Rudy,8143,BJP,53,M,GEN
BIHAR,SASARAM,4/10/2014,Chhedi Paswan,145,BJP,58,M,SC
BIHAR,SHEOHAR,5/7/2014,Rama Devi,8144,BJP,65,F,GEN
BIHAR,SITAMARHI,5/7/2014,Ram Kumar Sharma,8558,Rashtriya Lok Samta Party,50,M,GEN
BIHAR,SIWAN,5/12/2014,Om Prakash Yadav,9167,BJP,48,M,GEN
BIHAR,SUPAUL,4/24/2014,Ranjeet Ranjan,4499,INC,41,F,GEN
BIHAR,UJIARPUR,5/7/2014,Nityanand Rai,8154,BJP,48,M,GEN
BIHAR,VAISHALI,5/12/2014,Rama Kishore Singh,9179,LJP,51,M,GEN
BIHAR,VALMIKI NAGAR,5/12/2014,Satish Dubey,113,BJP,39,M,GEN
CHANDIGARH,CHANDIGARH,4/10/2014,Smt. Kirron Kher,72,BJP,61,F,GEN
CHHATTISGARH,BASTAR,4/10/2014,Dinesh Kashyap,111,BJP,51,M,ST
CHHATTISGARH,BILASPUR,4/24/2014,Lakhanlal Sau S/O Kalyan Lal Sahu,106,BJP,43,M,GEN
CHHATTISGARH,DURG,4/24/2014,Tamradwaj Sahu,3985,INC,65,M,GEN
CHHATTISGARH,JANJGIR-CHAMPA,4/24/2014,Smt. Kamla Patle,104,BJP,48,F,SC
CHHATTISGARH,KANKER,4/17/2014,Vikram Usendi,112,BJP,48,M,ST
CHHATTISGARH,KORBA,4/24/2014,Dr. Banshilal Mahato,105,BJP,73,M,GEN
CHHATTISGARH,MAHASAMUND,4/17/2014,Chandu Lal Sahu (Chandu Bhaiya) S/O Late Puneen Ram,110,BJP,54,M,GEN
CHHATTISGARH,RAIGARH,4/24/2014,Vishnudev Sai,103,BJP,50,M,ST
CHHATTISGARH,RAIPUR,4/24/2014,Ramesh Bais,109,BJP,66,M,GEN
CHHATTISGARH,RAJNANDGAON,4/17/2014,Abhishek Singh,107,BJP,33,M,GEN
CHHATTISGARH,SURGUJA,4/24/2014,Kamalbhan Singh,102,BJP,51,M,ST
DADRA & NAGAR HAVELI,DADRA & NAGAR HAVELI,4/30/2014,Natubhai G. Patel,7905,BJP,41,M,ST
DAMAN & DIU,DAMAN & DIU,4/30/2014,Patel Lalubhai Babubhai,6084,BJP,58,M,GEN
GOA,NORTH GOA,4/12/2014,Shripad Yesso Naik,1979,BJP,61,M,GEN
GOA,SOUTH GOA,4/12/2014,Adv. Narendra Keshav Sawaikar,1989,BJP,47,M,GEN
GUJARAT,AHMEDABAD EAST,4/30/2014,Paresh Dahyalal Rawal,5283,BJP,59,M,GEN
GUJARAT,AHMEDABAD WEST,4/30/2014,Dr. Solanki Kiritbhai Premjibhai,4562,BJP,64,M,SC
GUJARAT,AMRELI,4/30/2014,Kachhadiya Naranbhai Bhikhabhai,5294,BJP,58,M,GEN
GUJARAT,ANAND,4/30/2014,Patel Dilipbhai Manibhai,5296,BJP,59,M,GEN
GUJARAT,BANASKANTHA,4/30/2014,Chaudhry Haribhai Parthibhai,4570,BJP,59,M,GEN
GUJARAT,BARDOLI,4/30/2014,Parbhubhai Nagarbhai Vasava,7303,BJP,44,M,ST
GUJARAT,BHARUCH,4/30/2014,Mansukhbhai Dhanjibhai Vasava,4581,BJP,56,M,GEN
GUJARAT,BHAVNAGAR,4/30/2014,Shyal Bhartiben Dhirubhai,5309,BJP,50,F,GEN
GUJARAT,CHHOTA UDAIPUR,4/30/2014,Rathwa Ramsingbhai Patalbhai,4588,BJP,62,M,ST
GUJARAT,DAHOD,4/30/2014,Bhabhor Jasvantsinh Sumanbhai,5311,BJP,47,M,ST
GUJARAT,GANDHINAGAR,4/30/2014,Lal Krishna Advani,4596,BJP,86,M,GEN
GUJARAT,JAMNAGAR,4/30/2014,Maadam Poonamben Hematbhai,5336,BJP,39,F,GEN
GUJARAT,JUNAGADH,4/30/2014,Chudasama Rajeshbhai Naranbhai,4605,BJP,31,M,GEN
GUJARAT,KACHCHH,4/30/2014,Chavda Vinod Lakhmashi,4608,BJP,35,M,SC
GUJARAT,KHEDA,4/30/2014,Chauhan Devusinh Jesingbhai,4615,BJP,49,M,GEN
GUJARAT,MAHESANA,4/30/2014,Patel Jayshreeben Kanubhai,5354,BJP,55,F,GEN
GUJARAT,NAVSARI,4/30/2014,Patil Chandrakant Raghunath,5358,BJP,59,M,GEN
GUJARAT,PANCHMAHAL,4/30/2014,Chauhan Prabhatsinh Pratapsinh,5362,BJP,72,M,GEN
GUJARAT,PATAN,4/30/2014,Vaghela Liladharbhai Khodaji,6500,BJP,80,M,GEN
GUJARAT,PORBANDAR,4/30/2014,Radadiya Vithalbhai Hansrajbhai,6518,BJP,55,M,GEN
GUJARAT,RAJKOT,4/30/2014,Mohanbhai Kalyanjibhai Kundariya,6531,BJP,62,M,GEN
GUJARAT,SABARKANTHA,4/30/2014,Rathod Dipsinh Shankarsinh,6552,BJP,62,M,GEN
GUJARAT,SURAT,4/30/2014,Jardosh Darshnaben Vikrambhai,5315,BJP,53,F,GEN
GUJARAT,SURENDRANAGAR,4/30/2014,Fatepara Devajibhai Govindbhai,6575,BJP,55,M,GEN
GUJARAT,VADODARA  : BYE ELECTION ON 13-09-2014,0000-00-00,Bhatt Ranjanaben Dhananjay,9858,BJP,0,unknown,GEN
GUJARAT,VALSAD,4/30/2014,Dr. K.C.Patel,6597,BJP,65,M,ST
HARYANA,AMBALA,4/10/2014,Rattan Lal Kataria,89,BJP,62,M,SC
HARYANA,BHIWANI-MAHENDRAGARH,4/10/2014,Dharambir,865,BJP,59,M,GEN
HARYANA,FARIDABAD,4/10/2014,Krishan Pal,1047,BJP,57,M,GEN
HARYANA,GURGAON,4/10/2014,Inderjit Singh,1046,BJP,64,M,GEN
HARYANA,HISAR,4/10/2014,Dushyant Chautala,201,INLD,26,M,GEN
HARYANA,KARNAL,4/10/2014,Ashwini Kumar,1052,BJP,57,M,GEN
HARYANA,KURUKSHETRA,4/10/2014,Rajkumar Saini,90,BJP,60,M,GEN
HARYANA,ROHTAK,4/10/2014,Deepender Singh,1268,INC,36,M,GEN
HARYANA,SIRSA,4/10/2014,Charanjeet Singh,1056,INLD,43,M,SC
HARYANA,SONIPAT,4/10/2014,Ramesh Kaushik,91,BJP,54,M,GEN
HIMACHAL PRADESH,HAMIRPUR,5/7/2014,Anurag Singh Thakur,7997,BJP,39,M,GEN
HIMACHAL PRADESH,KANGRA,5/7/2014,Shanta Kumar,8469,BJP,79,M,GEN
HIMACHAL PRADESH,MANDI,5/7/2014,Ram Swaroop Sharma,8353,BJP,55,M,GEN
HIMACHAL PRADESH,SHIMLA,5/7/2014,Virender Kashyap,8307,BJP,63,M,SC
JAMMU & KASHMIR,ANANTNAG,4/24/2014,Mehbooba Mufti,4146,JKPDP,54,F,GEN
JAMMU & KASHMIR,BARAMULLA,5/7/2014,Muzaffar Hussain Baig,8467,JKPDP,67,M,GEN
JAMMU & KASHMIR,JAMMU,4/10/2014,Jugal Kishore,881,BJP,51,M,GEN
JAMMU & KASHMIR,LADAKH,5/7/2014,Thupstan Chhewang,8304,BJP,67,M,GEN
JAMMU & KASHMIR,SRINAGAR,4/30/2014,Tariq Hameed Karra,6815,JKPDP,58,M,GEN
JAMMU & KASHMIR,UDHAMPUR,4/17/2014,Dr. Jitendra Singh,2778,BJP,57,M,GEN
JHARKHAND,CHATRA,4/10/2014,Sunil Kumar Singh,1230,BJP,52,M,GEN
JHARKHAND,DHANBAD,4/24/2014,Pashupati Nath Singh,4701,BJP,65,M,GEN
JHARKHAND,DUMKA,4/24/2014,Shibu Soren,4160,JMM,68,M,ST
JHARKHAND,GIRIDIH,4/17/2014,Ravindra Kumar Pandey,2814,BJP,55,M,GEN
JHARKHAND,GODDA,4/24/2014,Nishikant Dubey,4164,BJP,42,M,GEN
JHARKHAND,HAZARIBAGH,4/17/2014,Jayant Sinha,2835,BJP,50,M,GEN
JHARKHAND,KHUNTI,4/17/2014,Karia Munda,2863,BJP,77,M,ST
JHARKHAND,KODARMA,4/10/2014,Ravindra Kumar Ray,47,BJP,50,M,GEN
JHARKHAND,LOHARDAGA,4/10/2014,Sudarshan Bhagat,481,BJP,45,M,ST
JHARKHAND,PALAMAU,4/10/2014,Vishnu Dayal Ram,488,BJP,62,M,SC
JHARKHAND,RAJMAHAL,4/24/2014,Vijay Kumar Hansdak,4170,JMM,31,M,ST
JHARKHAND,RANCHI,4/17/2014,Ramtahal Choudhary,2875,BJP,72,M,GEN
JHARKHAND,SINGHBHUM,4/17/2014,Laxman Giluwa,2887,BJP,52,M,ST
KARNATAKA,BAGALKOT,4/17/2014,P.C. Gaddigoudar,1218,BJP,61,M,GEN
KARNATAKA,BANGALORE CENTRAL,4/17/2014,P.C. Mohan,187,BJP,50,M,GEN
KARNATAKA,BANGALORE NORTH,4/17/2014,D.V. Sadananda Gowda,1224,BJP,61,M,GEN
KARNATAKA,BANGALORE RURAL,4/17/2014,D.K.Suresh,1090,INC,47,M,GEN
KARNATAKA,BANGALORE SOUTH,4/17/2014,Ananth Kumar,189,BJP,54,M,GEN
KARNATAKA,BELGAUM,4/17/2014,Suresh Angadi,1181,BJP,58,M,GEN
KARNATAKA,BELLARY,4/17/2014,B Sreeramulu,2162,BJP,43,M,ST
KARNATAKA,BIDAR,4/17/2014,Bhagwanth,2141,BJP,46,M,GEN
KARNATAKA,BIJAPUR,4/17/2014,Ramesh Jigajinagi,840,BJP,64,M,SC
KARNATAKA,CHAMARAJANAGAR,4/17/2014,R. Dhruvanarayana,863,INC,53,M,SC
KARNATAKA,CHIKKBALLAPUR,4/17/2014,M Veerappa Moily,402,INC,74,M,GEN
KARNATAKA,CHIKKODI,4/17/2014,Prakash Hukkeri,1815,INC,67,M,GEN
KARNATAKA,CHITRADURGA,4/17/2014,B.N.Chandrappa,1085,INC,58,M,SC
KARNATAKA,DAKSHINA KANNADA,4/17/2014,Nalin Kumar Katil,1221,BJP,48,M,GEN
KARNATAKA,DAVANAGERE,4/17/2014,G.M. Siddeshwara,1220,BJP,61,M,GEN
KARNATAKA,DHARWAD,4/17/2014,Pralhad Joshi,1075,BJP,51,M,GEN
KARNATAKA,GULBARGA,4/17/2014,Mallikarjun Kharge,358,INC,72,M,SC
KARNATAKA,HASSAN,4/17/2014,H.D. Devegowda,2613,JD(S),81,M,GEN
KARNATAKA,HAVERI,4/17/2014,Udasi Shivakumar Channabasappa,1070,BJP,47,M,GEN
KARNATAKA,KOLAR,4/17/2014,K H Muniyappa,126,INC,67,M,SC
KARNATAKA,KOPPAL,4/17/2014,Sanganna A. Karadi,1186,BJP,59,M,GEN
KARNATAKA,MANDYA,4/17/2014,C.S.Puttaraju,1088,JD(S),50,M,GEN
KARNATAKA,MYSORE,4/17/2014,Prathap Simha,1216,BJP,37,M,GEN
KARNATAKA,RAICHUR,4/17/2014,B.V.Nayak,2120,INC,48,M,ST
KARNATAKA,SHIMOGA,4/17/2014,B.S. Yeddyurappa,399,BJP,71,M,GEN
KARNATAKA,TUMKUR,4/17/2014,S.P.Muddahanumegowda,605,INC,59,M,GEN
KARNATAKA,UDUPI CHIKMAGALUR,4/17/2014,Shobha Karandlaje,182,BJP,47,F,GEN
KARNATAKA,UTTARA KANNADA,4/17/2014,Anantkumar Hegde,398,BJP,46,M,GEN
KERALA,ALAPPUZHA,4/10/2014,K C Venugopal,327,INC,51,M,GEN
KERALA,ALATHUR,4/10/2014,P.K.Biju,1900,CPI(M),39,M,SC
KERALA,ATTINGAL,4/10/2014,A Sampath,340,CPI(M),51,M,GEN
KERALA,CHALAKUDY,4/10/2014,Innocent,290,IND,66,M,GEN
KERALA,ERNAKULAM,4/10/2014,K.V. Thomas,6,INC,67,M,GEN
KERALA,IDUKKI,4/10/2014,Adv.Joice George,712,IND,44,M,GEN
KERALA,KANNUR,4/10/2014,P K Sreemathi,255,CPI(M),64,F,GEN
KERALA,KASARAGOD,4/10/2014,P Karunakaran,251,CPI(M),69,M,GEN
KERALA,KOLLAM,4/10/2014,N.K.Premachandran,14,RSP,53,M,GEN
KERALA,KOTTAYAM,4/10/2014,Jose K Mani,11,KC(M),49,M,GEN
KERALA,KOZHIKODE,4/10/2014,M .K Raghavan,961,INC,61,M,GEN
KERALA,MALAPPURAM,4/10/2014,E. Ahamed,279,IUML,76,M,GEN
KERALA,MAVELIKKARA,4/10/2014,Kodikunnil Suresh,13,INC,52,M,SC
KERALA,PALAKKAD,4/10/2014,M B Rajesh,1889,CPI(M),43,M,GEN
KERALA,PATHANAMTHITTA,4/10/2014,Anto Antony,964,INC,57,M,GEN
KERALA,PONNANI,4/10/2014,E. T. Mohammed Basheer,273,IUML,67,M,GEN
KERALA,THIRUVANANTHAPURAM,4/10/2014,Dr. Shashi Tharoor,64,INC,58,M,GEN
KERALA,THRISSUR,4/10/2014,C N Jayadevan,297,CPI,63,M,GEN
KERALA,VADAKARA,4/10/2014,Mullappally Ramachandran,260,INC,67,M,GEN
KERALA,WAYANAD,4/10/2014,M I Shanavas,960,INC,62,M,GEN
LAKSHADWEEP,LAKSHADWEEP,4/10/2014,Mohammed Faizal.P.P,21,NCP,38,M,ST
MADHYA PRADESH,BALAGHAT,4/10/2014,Bodhsingh Bhagat,761,BJP,57,M,GEN
MADHYA PRADESH,BETUL,4/24/2014,Jyoti Dhurve,4752,BJP,47,F,ST
MADHYA PRADESH,BHIND,4/17/2014,Bhagirath Prasad,2898,BJP,66,M,SC
MADHYA PRADESH,BHOPAL,4/17/2014,Alok Sanjar,2907,BJP,50,M,GEN
MADHYA PRADESH,CHHINDWARA,4/10/2014,Kamal Nath,766,INC,67,M,GEN
MADHYA PRADESH,DAMOH,4/17/2014,Prahalad Singh Patel,2921,BJP,54,M,GEN
MADHYA PRADESH,DEWAS,4/24/2014,Manohar Untwal,4178,BJP,47,M,SC
MADHYA PRADESH,DHAR,4/24/2014,Savitri Thakur,4183,BJP,35,F,ST
MADHYA PRADESH,GUNA,4/17/2014,Jyotiraditya M. Scindia,2933,INC,43,M,GEN
MADHYA PRADESH,GWALIOR,4/17/2014,Narendra Singh Tomar,2957,BJP,56,M,GEN
MADHYA PRADESH,HOSHANGABAD,4/10/2014,Uday Pratap Singh,134,BJP,49,M,GEN
MADHYA PRADESH,INDORE,4/24/2014,Sumitra Mahajan,4765,BJP,70,F,GEN
MADHYA PRADESH,JABALPUR,4/10/2014,Rakesh Singh Urf Ghanshyam Singh,750,BJP,53,M,GEN
MADHYA PRADESH,KHAJURAHO,4/17/2014,Nagendra Singh,2962,BJP,72,M,GEN
MADHYA PRADESH,KHANDWA,4/24/2014,Nandkumar Singh Chouhan,4194,BJP,61,M,GEN
MADHYA PRADESH,KHARGONE,4/24/2014,Subhash Patel,4200,BJP,36,M,ST
MADHYA PRADESH,MANDLA,4/10/2014,Faggan Singh Kulaste,129,BJP,54,M,ST
MADHYA PRADESH,MANDSOUR,4/24/2014,Sudhir Gupta,4203,BJP,54,M,GEN
MADHYA PRADESH,MORENA,4/17/2014,Anoop Mishra,2983,BJP,57,M,GEN
MADHYA PRADESH,RAJGARH,4/17/2014,Rodmal Nagar,2993,BJP,53,M,GEN
MADHYA PRADESH,RATLAM,4/24/2014,Dileep Singh Bhuriya,4805,BJP,68,M,ST
MADHYA PRADESH,REWA,4/10/2014,Janardan Mishra,738,BJP,58,M,GEN
MADHYA PRADESH,SAGAR,4/17/2014,Laxmi Narayan Yadav,3001,BJP,73,M,GEN
MADHYA PRADESH,SATNA,4/10/2014,Ganesh Singh,732,BJP,51,M,GEN
MADHYA PRADESH,SHAHDOL,4/10/2014,Dalpat Singh Paraste,745,BJP,61,M,ST
MADHYA PRADESH,SIDHI,4/10/2014,Riti Pathak,741,BJP,36,F,GEN
MADHYA PRADESH,TIKAMGARH,4/17/2014,Dr. Virendra Kumar,3011,BJP,60,M,SC
MADHYA PRADESH,UJJAIN,4/24/2014,Chintamani Malviya,4209,BJP,44,M,SC
MADHYA PRADESH,VIDISHA,4/24/2014,Sushma Swaraj,4818,BJP,62,F,GEN
MAHARASHTRA,AHMEDNAGAR,4/17/2014,Gandhi Dilipkumar Mansukhlal,3492,BJP,64,M,GEN
MAHARASHTRA,AKOLA,4/10/2014,Dhotre Sanjay Shyamrao,543,BJP,55,M,GEN
MAHARASHTRA,AMRAVATI,4/10/2014,Adsul Anandrao Vithoba,315,SHS,66,M,SC
MAHARASHTRA,AURANGABAD,4/24/2014,Chandrakant Bhaurao Khaire,5156,SHS,62,M,GEN
MAHARASHTRA,BARAMATI,4/17/2014,Supriya Sule,3386,NCP,44,F,GEN
MAHARASHTRA,BEED : BYE ELECTION ON 15-10-2014,0000-00-00,Munde Pritam,9896,BJP,31,F,GEN
MAHARASHTRA,BHANDARA-GONDIYA,4/10/2014,Nanabhau Falgunrao Patole,917,BJP,51,M,GEN
MAHARASHTRA,BHIWANDI,4/24/2014,Kapil Moreshwar Patil,5185,BJP,53,M,GEN
MAHARASHTRA,BULDHANA,4/10/2014,Jadhav Prataprao Ganpatrao,777,SHS,53,M,GEN
MAHARASHTRA,CHANDRAPUR,4/10/2014,Ahir Hansraj Gangaram,926,BJP,59,M,GEN
MAHARASHTRA,DHULE,4/24/2014,Bhamare Subhash Ramrao,5203,BJP,61,M,GEN
MAHARASHTRA,DINDORI,4/24/2014,Chavan Harishchandra Deoram,5822,BJP,62,M,ST
MAHARASHTRA,GADCHIROLI-CHIMUR,4/10/2014,Ashok Mahadeorao Nete,689,BJP,50,M,ST
MAHARASHTRA,HATKANANGLE,4/17/2014,Raju Shetty,3501,Swabhimani Paksha,46,M,GEN
MAHARASHTRA,HINGOLI,4/17/2014,Rajeev Shankarrao Satav,3511,INC,39,M,GEN
MAHARASHTRA,JALGAON,4/24/2014,Patil Ashok Tapiram,5833,BJP,52,M,GEN
MAHARASHTRA,JALNA,4/24/2014,Danve Raosaheb Dadarao,5855,BJP,60,M,GEN
MAHARASHTRA,KALYAN,4/24/2014,Dr.Shrikant Eknath Shinde,5869,SHS,27,M,GEN
MAHARASHTRA,KOLHAPUR,4/17/2014,Dhananjay Bhimrao Mahadik,3532,NCP,42,M,GEN
MAHARASHTRA,LATUR,4/17/2014,Gaikwad Sunil Baliram,3548,BJP,43,M,SC
MAHARASHTRA,MADHA,4/17/2014,Mohite Patil Vijaysinh Shankarrao,3565,NCP,69,M,GEN
MAHARASHTRA,MAVAL,4/17/2014,Barne Shrirang Chandu,3356,SHS,50,M,GEN
MAHARASHTRA,MUMBAI NORTH,4/24/2014,Gopal Chinayya Shetty,5896,BJP,60,M,GEN
MAHARASHTRA,MUMBAI NORTH CENTRAL,4/24/2014,Poonam Mahajan Alias Poonam Vajendla Rao,5902,BJP,33,F,GEN
MAHARASHTRA,MUMBAI NORTH EAST,4/24/2014,Kirit Somaiya,7220,BJP,60,M,GEN
MAHARASHTRA,MUMBAI NORTH WEST,4/24/2014,Gajanan Chandrakant Kirtikar,5908,SHS,70,M,GEN
MAHARASHTRA,MUMBAI SOUTH,4/24/2014,Sawant Arvind Ganpat,5913,SHS,62,M,GEN
MAHARASHTRA,MUMBAI SOUTH CENTRAL,4/24/2014,Shewale Rahul Ramesh,5950,SHS,41,M,GEN
MAHARASHTRA,NAGPUR,4/10/2014,Gadkari Nitin Jairam,1226,BJP,56,M,GEN
MAHARASHTRA,NANDED,4/17/2014,Shri Chavan Ashokrao Shankarrao,3590,INC,55,M,GEN
MAHARASHTRA,NANDURBAR,4/24/2014,Dr.Gavit Heena Vaijaykumar,7249,BJP,26,F,ST
MAHARASHTRA,NASHIK,4/24/2014,Godse Hement Tukaram,5961,SHS,43,M,GEN
MAHARASHTRA,OSMANABAD,4/17/2014,Gaikwad Ravindra Vishwanath,3598,SHS,54,M,GEN
MAHARASHTRA,PALGHAR,4/24/2014,Wanaga Chintaman Navasha,5977,BJP,63,M,ST
MAHARASHTRA,PARBHANI,4/17/2014,Jadhav Sanjay (Bandu) Haribhau,3621,SHS,47,M,GEN
MAHARASHTRA,PUNE,4/17/2014,Anil Shirole,3373,BJP,63,M,GEN
MAHARASHTRA,RAIGAD,4/24/2014,Geete Anant Gangaram,5997,SHS,63,M,GEN
MAHARASHTRA,RAMTEK,4/10/2014,Krupal Balaji Tumane,942,SHS,48,M,SC
MAHARASHTRA,RATNAGIRI SINDHUDURG,4/17/2014,Vinayak Bhaurao Raut,3642,SHS,60,M,GEN
MAHARASHTRA,RAVER,4/24/2014,Khadase Raksha Nikhil,5594,BJP,26,F,GEN
MAHARASHTRA,SANGLI,4/17/2014,Sanjaykaka Patil,3655,BJP,49,M,GEN
MAHARASHTRA,SATARA,4/17/2014,Shrimant Chh. Udayanraje Pratapsinha Bhonsale,3676,NCP,48,M,GEN
MAHARASHTRA,SHIRDI,4/17/2014,Lokhande Sadashiv Kisan,3405,SHS,51,M,SC
MAHARASHTRA,SHIRUR,4/17/2014,Adhalrao Shivaji Dattatrey,3391,SHS,59,M,GEN
MAHARASHTRA,SOLAPUR,4/17/2014,Sharad Bansode,3692,BJP,46,M,SC
MAHARASHTRA,THANE,4/24/2014,Vichare Rajan Baburao,5662,SHS,52,M,GEN
MAHARASHTRA,WARDHA,4/10/2014,Ramdas Chandrabhanji Tadas,944,BJP,60,M,GEN
MAHARASHTRA,YAVATMAL-WASHIM,4/10/2014,Gawali Bhavana Pundlikrao,1511,SHS,41,F,GEN
MANIPUR,INNER MANIPUR,4/17/2014,Dr. Thokchom Meinya,3477,INC,69,M,GEN
MANIPUR,OUTER MANIPUR,4/9/2014,Thangso Baite,534,INC,61,M,ST
MEGHALAYA,SHILLONG,4/9/2014,Vincent H. Pala,538,INC,46,M,ST
MEGHALAYA,TURA,4/9/2014,Purno Agitok Sangma,650,NPP,66,M,ST
MIZORAM,MIZORAM,4/11/2014,C. L. Ruala,1042,INC,78,M,ST
NAGALAND,NAGALAND,4/9/2014,Neiphiu Rio,407,NPF,63,M,GEN
NATIONAL CAPITAL TERRITORY OF DELHI,CHANDNI CHOWK,4/10/2014,Dr. Harsh Vardhan,65,BJP,59,M,GEN
NATIONAL CAPITAL TERRITORY OF DELHI,EAST DELHI,4/10/2014,Mahesh Giri,67,BJP,39,M,GEN
NATIONAL CAPITAL TERRITORY OF DELHI,NEW DELHI,4/10/2014,Smt. Meenakshi Lekhi,68,BJP,46,F,GEN
NATIONAL CAPITAL TERRITORY OF DELHI,NORTH EAST DELHI,4/10/2014,Manoj Tiwari,66,BJP,43,M,GEN
NATIONAL CAPITAL TERRITORY OF DELHI,NORTH WEST DELHI,4/10/2014,Udit Raj,69,BJP,56,M,SC
NATIONAL CAPITAL TERRITORY OF DELHI,SOUTH DELHI,4/10/2014,Ramesh Bidhuri,71,BJP,52,M,GEN
NATIONAL CAPITAL TERRITORY OF DELHI,WEST DELHI,4/10/2014,Parvesh Sahib Singh,70,BJP,36,M,GEN
ORISSA,ASKA,4/10/2014,Ladu Kishore Swain,823,BJD,66,M,GEN
ORISSA,BALASORE,4/17/2014,Rabindra Kumar Jena,3239,BJD,46,M,GEN
ORISSA,BARGARH,4/10/2014,Prabhas Kumar Singh,789,BJD,50,M,GEN
ORISSA,BERHAMPUR,4/10/2014,Sidhant Mohapatra,118,BJD,47,M,GEN
ORISSA,BHADRAK,4/17/2014,Arjun Charan Sethi,3246,BJD,73,M,SC
ORISSA,BHUBANESWAR,4/17/2014,Prasanna Kumar Patasani-,3710,BJD,71,M,GEN
ORISSA,BOLANGIR,4/10/2014,Kalikesh Narayan Singh Deo,807,BJD,39,M,GEN
ORISSA,CUTTACK,4/17/2014,Bhartruhari Mahatab,3276,BJD,57,M,GEN
ORISSA,DHENKANAL,4/17/2014,Tathagata Satpathy,3263,BJD,57,M,GEN
ORISSA,JAGATSINGHPUR,4/17/2014,Kulamani Samal,3712,BJD,65,M,SC
ORISSA,JAJPUR,4/17/2014,Rita Tarai,3255,BJD,37,F,SC
ORISSA,KALAHANDI,4/10/2014,Arka Keshari Deo,815,BJD,35,M,GEN
ORISSA,KANDHAMAL : BYE ELECTION ON 15-10-2014,0000-00-00,Pratyusha Rajeshwari Singh,9888,BJD,42,F,GEN
ORISSA,KENDRAPARA,4/17/2014,Sri Baijayant Panda,3287,BJD,50,M,GEN
ORISSA,KEONJHAR,4/17/2014,Sakuntala Laguri,3220,BJD,34,F,ST
ORISSA,KORAPUT,4/10/2014,Jhina Hikaka,1171,BJD,39,M,ST
ORISSA,MAYURBHANJ,4/17/2014,Rama Chandra Hansdah,3228,BJD,39,M,ST
ORISSA,NABARANGPUR,4/10/2014,Balabhadra Majhi,816,BJD,53,M,ST
ORISSA,PURI,4/17/2014,Pinaki Mishra,3715,BJD,54,M,GEN
ORISSA,SAMBALPUR,4/10/2014,Nagendra Kumar Pradhan,796,BJD,61,M,GEN
ORISSA,SUNDARGARH,4/10/2014,Jual Oram,804,BJP,53,M,ST
PUDUCHERRY,PONDICHERRY,4/24/2014,R. Radhakrishnan,5578,All India N.R. Congress,42,M,GEN
PUNJAB,AMRITSAR,4/30/2014,Captain Amarinder Singh,6088,INC,72,M,GEN
PUNJAB,ANANDPUR SAHIB,4/30/2014,Prem Singh Chandumajra,6110,SAD,64,M,GEN
PUNJAB,BATHINDA,4/30/2014,Harsimrat Kaur Badal,7800,SAD,47,F,GEN
PUNJAB,FARIDKOT,4/30/2014,Prof. Sadhu Singh,6133,AAP,73,M,SC
PUNJAB,FATEHGARH SAHIB,4/30/2014,Harinder Singh Khalsa,6141,AAP,67,M,SC
PUNJAB,FIROZPUR,4/30/2014,Sher Singh Ghubaya,6148,SAD,51,M,GEN
PUNJAB,GURDASPUR,4/30/2014,Vinod Khanna,7656,BJP,68,M,GEN
PUNJAB,HOSHIARPUR,4/30/2014,Vijay Sampla,101,BJP,52,M,SC
PUNJAB,JALANDHAR,4/30/2014,Santokh Singh Chaudhary,7699,INC,67,M,SC
PUNJAB,KHADOOR SAHIB,4/30/2014,Ranjit Singh Brahmpura,7682,SAD,76,M,GEN
PUNJAB,LUDHIANA,4/30/2014,Ravneet Singh Bittu,7751,INC,38,M,GEN
PUNJAB,PATIALA,4/30/2014,Dr.Dharam Vira Gandhi,7853,AAP,63,M,GEN
PUNJAB,SANGRUR,4/30/2014,Bhagwant Mann,7830,AAP,41,M,GEN
RAJASTHAN,AJMER,4/17/2014,Sanwar Lal Jat,3412,BJP,59,M,GEN
RAJASTHAN,ALWAR,4/24/2014,Mahant Chand Nath Yogi,5070,BJP,58,M,GEN
RAJASTHAN,BANSWARA,4/17/2014,Manshankar Ninama,2442,BJP,58,M,ST
RAJASTHAN,BARMER,4/17/2014,Col. Sona Ram,2472,BJP,73,M,GEN
RAJASTHAN,BHARATPUR,4/24/2014,Bahadur Singh,4225,BJP,56,M,SC
RAJASTHAN,BHILWARA,4/17/2014,Subhash Chandra Baheria,2415,BJP,57,M,GEN
RAJASTHAN,BIKANER,4/17/2014,Arjun Ram Meghwal,2304,BJP,60,M,SC
RAJASTHAN,CHITTORGARH,4/17/2014,Chandra Prakash,2436,BJP,38,M,GEN
RAJASTHAN,CHURU,4/17/2014,Rahul Kaswan,2312,BJP,37,M,GEN
RAJASTHAN,DAUSA,4/24/2014,Harish Chandra,4237,BJP,59,M,ST
RAJASTHAN,GANGANAGAR,4/17/2014,Nihalchand,2281,BJP,43,M,SC
RAJASTHAN,JAIPUR,4/17/2014,Ramcharan Bohara,2371,BJP,56,M,GEN
RAJASTHAN,JAIPUR RURAL,4/17/2014,Rajyavardhan Singh Rathore,2360,BJP,44,M,GEN
RAJASTHAN,JALORE,4/17/2014,Devji Patel,3424,BJP,37,M,GEN
RAJASTHAN,JHALAWAR-BARAN,4/17/2014,Dushyant,2394,BJP,43,M,GEN
RAJASTHAN,JHUNJHUNU,4/17/2014,Santosh Ahlawat,2332,BJP,57,F,GEN
RAJASTHAN,JODHPUR,4/17/2014,Gajendrasingh Shekhawat,3438,BJP,46,M,GEN
RAJASTHAN,KARAULI-DHOLPUR,4/24/2014,Manoj Rajoria,5111,BJP,43,M,SC
RAJASTHAN,KOTA,4/17/2014,Om Birla,2409,BJP,51,M,GEN
RAJASTHAN,NAGAUR,4/17/2014,C R Choudhary,3452,BJP,66,M,GEN
RAJASTHAN,PALI,4/17/2014,P P Choudhary,3464,BJP,60,M,GEN
RAJASTHAN,RAJSAMAND,4/17/2014,Hari Om Singh Rathore,2459,BJP,56,M,GEN
RAJASTHAN,SIKAR,4/17/2014,Sumedha Nand Saraswati,2345,BJP,62,M,GEN
RAJASTHAN,TONK-SAWAI MADHOPUR,4/24/2014,Sukhbir Singh Jaunapuria,4246,BJP,56,M,GEN
RAJASTHAN,UDAIPUR,4/17/2014,Arjunlal Meena,2449,BJP,49,M,ST
SIKKIM,SIKKIM,4/12/2014,Prem Das Rai,2490,SDF,59,M,GEN
TAMIL NADU,ARAKKONAM,4/24/2014,Hari G,3929,AIADMK,53,M,GEN
TAMIL NADU,ARANI,4/24/2014,V.Elumalai,6283,AIADMK,58,M,GEN
TAMIL NADU,CHENNAI CENTRAL,4/24/2014,S.R. Vijayakumar,6846,AIADMK,40,M,GEN
TAMIL NADU,CHENNAI NORTH,4/24/2014,Venkatesh Babu .T.G,6869,AIADMK,53,M,GEN
TAMIL NADU,CHENNAI SOUTH,4/24/2014,Dr. J. Jayavardhan,6917,AIADMK,26,M,GEN
TAMIL NADU,CHIDAMBARAM,4/24/2014,M.Chandrakasi,3958,AIADMK,45,M,SC
TAMIL NADU,COIMBATORE,4/24/2014,Nagarajan- P.,6965,AIADMK,52,M,GEN
TAMIL NADU,CUDDALORE,4/24/2014,A.Arunmozhithevan,3955,AIADMK,45,M,GEN
TAMIL NADU,DHARMAPURI,4/24/2014,Anbumani Ramadoss,6995,PMK,45,M,GEN
TAMIL NADU,DINDIGUL,4/24/2014,Udhaya Kumar .M,6322,AIADMK,45,M,GEN
TAMIL NADU,ERODE,4/24/2014,Selvakumara Chinnayan S,6350,AIADMK,55,M,GEN
TAMIL NADU,KALLAKURICHI,4/24/2014,K. Kamaraj,3934,AIADMK,48,M,GEN
TAMIL NADU,KANCHEEPURAM,4/24/2014,Maragatham K,7006,AIADMK,32,F,SC
TAMIL NADU,KANNIYAKUMARI,4/24/2014,Radhakrishnan P.,7015,BJP,62,M,GEN
TAMIL NADU,KARUR,4/24/2014,Thambidurai.M,3947,AIADMK,67,M,GEN
TAMIL NADU,KRISHNAGIRI,4/24/2014,Ashok Kumar.K,7060,AIADMK,60,M,GEN
TAMIL NADU,MADURAI,4/24/2014,R.Gopalakrishnan,3965,AIADMK,45,M,GEN
TAMIL NADU,MAYILADUTHURAI,4/24/2014,Bharathi Mohan R.K,7075,AIADMK,47,M,GEN
TAMIL NADU,NAGAPATTINAM,4/24/2014,Gopal. Dr. K,7094,AIADMK,54,M,SC
TAMIL NADU,NAMAKKAL,4/24/2014,Sundaram P.R,3943,AIADMK,62,M,GEN
TAMIL NADU,NILGIRIS,4/24/2014,Gopalakrishnan- C.,7106,AIADMK,52,M,SC
TAMIL NADU,PERAMBALUR,4/24/2014,R.P.Marutharajaa,3953,AIADMK,51,M,GEN
TAMIL NADU,POLLACHI,4/24/2014,Mahendran.C,7137,AIADMK,42,M,GEN
TAMIL NADU,RAMANATHAPURAM,4/24/2014,Anwhar Raajhaa.A,7152,AIADMK,65,M,GEN
TAMIL NADU,SALEM,4/24/2014,Pannerselvam.V,3938,AIADMK,55,M,GEN
TAMIL NADU,SIVAGANGA,4/24/2014,Pr Senthilnathan,3961,AIADMK,46,M,GEN
TAMIL NADU,SRIPERUMBUDUR,4/24/2014,Ramachandran- K.N. Thiru,7372,AIADMK,59,M,GEN
TAMIL NADU,TENKASI,4/24/2014,Vasanthi.M,7567,AIADMK,52,F,SC
TAMIL NADU,THANJAVUR,4/24/2014,Parasuraman.K,7459,AIADMK,53,M,GEN
TAMIL NADU,THENI,4/24/2014,Parthipan- R.,7505,AIADMK,50,M,GEN
TAMIL NADU,THOOTHUKKUDI,4/24/2014,Jeyasingh Thiyagaraj Natterjee.J,7553,AIADMK,60,M,GEN
TAMIL NADU,TIRUCHIRAPPALLI,4/24/2014,P.Kumar S/O Palanivel,3952,AIADMK,42,M,GEN
TAMIL NADU,TIRUNELVELI,4/24/2014,Prabakaran.K.R.P,7586,AIADMK,34,M,GEN
TAMIL NADU,TIRUPPUR,4/24/2014,V.Sathyabama,4300,AIADMK,43,F,GEN
TAMIL NADU,TIRUVALLUR,4/24/2014,Venugopal. P. Dr.,7360,AIADMK,61,M,SC
TAMIL NADU,TIRUVANNAMALAI,4/24/2014,Vanaroja R,5429,AIADMK,55,F,GEN
TAMIL NADU,VELLORE,4/24/2014,Senguttuvan- B.,7393,AIADMK,57,M,GEN
TAMIL NADU,VILUPPURAM,4/24/2014,S. Rajendran,3930,AIADMK,57,M,SC
TAMIL NADU,VIRUDHUNAGAR,4/24/2014,Radhakrishnan,7530,AIADMK,59,M,GEN
TELANGANA,ADILABAD,4/30/2014,Godam Nagesh,7674,TRS,49,M,ST
TELANGANA,BHONGIR,4/30/2014,Dr. Narsaiah Boora,6377,TRS,55,M,GEN
TELANGANA,CHEVELLA,4/30/2014,Konda Vishweshwar Reddy,1013,TRS,54,M,GEN
TELANGANA,HYDERABAD,4/30/2014,Asaduddin Owaisi,4523,All India Majlis-E-Ittehadul Muslimeen,43,M,GEN
TELANGANA,KARIMNAGAR,4/30/2014,Vinod Kumar Boinapally,6220,TRS,54,M,GEN
TELANGANA,KHAMMAM,4/30/2014,Ponguleti Srinivasa Reddy,4529,Yuvajana Sramika Rythu Congress Party,48,M,GEN
TELANGANA,MAHABUBABAD,4/30/2014,Prof. Azmeera Seetaram Naik,7937,TRS,56,M,ST
TELANGANA,MAHBUBNAGAR,4/30/2014,A P Jithender Reddy,4536,TRS,60,M,GEN
TELANGANA,MALKAJGIRI,4/30/2014,Ch.Malla Reddy,7843,TDP,56,M,GEN
TELANGANA,MEDAK : BYE ELECTION ON 13-09-2014,0000-00-00,Kotha Prabhakar Reddy,9854,TRS,48,M,GEN
TELANGANA,NAGARKURNOOL,4/30/2014,Nandi Yellaiah,6840,INC,71,M,SC
TELANGANA,NALGONDA,4/30/2014,Gutha Sukhender Reddy,4547,INC,60,M,GEN
TELANGANA,NIZAMABAD,4/30/2014,Kalvakuntla Kavitha,6496,TRS,36,F,GEN
TELANGANA,PEDDAPALLE,4/30/2014,Balka Suman,6467,TRS,31,M,SC
TELANGANA,SECUNDERABAD,4/30/2014,Bandaru Dattatreya,6420,BJP,66,M,GEN
TELANGANA,WARANGAL,4/30/2014,Kadiyam Srihari,6405,TRS,63,M,SC
TELANGANA,ZAHIRABAD,4/30/2014,B.B.Patil,6395,TRS,58,M,GEN
TRIPURA,TRIPURA EAST,4/12/2014,Jitendra Choudhury,2497,CPI(M),57,M,ST
TRIPURA,TRIPURA WEST,4/7/2014,Sankar Prasad Datta,45,CPI(M),56,M,GEN
UTTAR PRADESH,AGRA,4/24/2014,Dr. Ramshankar Katheria,4916,BJP,49,M,SC
UTTAR PRADESH,AKBARPUR,4/24/2014,Devendra Singh Urf Bhole Singh,4264,BJP,60,M,GEN
UTTAR PRADESH,ALIGARH,4/10/2014,Satish Kumar,682,BJP,42,M,GEN
UTTAR PRADESH,ALLAHABAD,5/7/2014,Shyama Charan Gupta,8003,BJP,69,M,GEN
UTTAR PRADESH,AMBEDKAR NAGAR,5/7/2014,Hariom,8403,BJP,58,M,GEN
UTTAR PRADESH,AMETHI,5/7/2014,Rahul Gandhi,8022,INC,43,M,GEN
UTTAR PRADESH,AMROHA,4/17/2014,Kanwar Singh Tanwar,3037,BJP,52,M,GEN
UTTAR PRADESH,AONLA,4/17/2014,Dharmendra Kumar,3051,BJP,49,M,GEN
UTTAR PRADESH,AZAMGARH,5/12/2014,Mulayam Singh Yadav,9210,SP,74,M,GEN
UTTAR PRADESH,BADAUN,4/17/2014,Dharmandra Yadav,3066,SP,37,M,GEN
UTTAR PRADESH,BAGHPAT,4/10/2014,Dr. Satyapal Singh,672,BJP,58,M,GEN
UTTAR PRADESH,BAHRAICH,5/7/2014,Savitri Bai Foole,8043,BJP,33,F,SC
UTTAR PRADESH,BALLIA,5/12/2014,Bharat Singh,9218,BJP,62,M,GEN
UTTAR PRADESH,BANDA,4/30/2014,Bhairon Prasad Mishra,5484,BJP,60,M,GEN
UTTAR PRADESH,BANSGAON,5/12/2014,Kamlesh Paswan,9219,BJP,38,M,SC
UTTAR PRADESH,BARABANKI,4/30/2014,Priyanka Singh Rawat,5494,BJP,28,F,SC
UTTAR PRADESH,BAREILLY,4/17/2014,Santosh Gangwar,3084,BJP,64,M,GEN
UTTAR PRADESH,BASTI,5/7/2014,Harish Chandra,8387,BJP,40,M,GEN
UTTAR PRADESH,BHADOHI,5/7/2014,Virendra Singh,8054,BJP,57,M,GEN
UTTAR PRADESH,BIJNOR,4/10/2014,Kunwar Bhartendra,1764,BJP,50,M,GEN
UTTAR PRADESH,BULANDSHAHR,4/10/2014,Dr. Bhola Singh,1214,BJP,38,M,SC
UTTAR PRADESH,CHANDAULI,5/12/2014,Mahendra Nath,9227,BJP,57,M,GEN
UTTAR PRADESH,DEORIA,5/12/2014,Kalraj Mishra,9684,BJP,73,M,GEN
UTTAR PRADESH,DHAURAHRA,4/30/2014,Rekha,5499,BJP,39,F,GEN
UTTAR PRADESH,DOMARIYAGANJ,5/12/2014,Jagdambika Pal,9234,BJP,64,M,GEN
UTTAR PRADESH,ETAH,4/24/2014,Rajvir Singh,4277,BJP,53,M,GEN
UTTAR PRADESH,ETAWAH,4/24/2014,Ashok Kumar Doharey,4279,BJP,43,M,SC
UTTAR PRADESH,FAIZABAD,5/7/2014,Lallu Singh,8397,BJP,59,M,GEN
UTTAR PRADESH,FARRUKHABAD,4/24/2014,Mukesh Rajput,4310,BJP,45,M,GEN
UTTAR PRADESH,FATEHPUR,4/30/2014,Sadhavi Niranjan Jyoti,5512,BJP,47,F,GEN
UTTAR PRADESH,FATEHPUR SIKRI,4/24/2014,Babulal,4316,BJP,66,M,GEN
UTTAR PRADESH,FIROZABAD,4/24/2014,Akshay Yadav,4389,SP,27,M,GEN
UTTAR PRADESH,GAUTAM BUDHHA NAGAR,4/10/2014,Mahesh Sharma,60,BJP,54,M,GEN
UTTAR PRADESH,GHAZIABAD,4/10/2014,Vijay Kumar Singh,1667,BJP,62,M,GEN
UTTAR PRADESH,GHAZIPUR,5/12/2014,Manoj Sinha,9241,BJP,55,M,GEN
UTTAR PRADESH,GHOSI,5/12/2014,Harinarayan Rajbhar,9249,BJP,73,M,GEN
UTTAR PRADESH,GONDA,5/7/2014,Kirti Vardhan Singh,8394,BJP,48,M,GEN
UTTAR PRADESH,GORAKHPUR,5/12/2014,Adityanath,9254,BJP,41,M,GEN
UTTAR PRADESH,HAMIRPUR,4/30/2014,Kunwar Pushpendra Singh,5527,BJP,40,M,GEN
UTTAR PRADESH,HARDOI,4/24/2014,Anshul Verma,4402,BJP,39,M,SC
UTTAR PRADESH,HATHRAS,4/24/2014,Rajesh Kumar,5018,BJP,43,M,SC
UTTAR PRADESH,JALAUN,4/30/2014,Bhanu Pratap Singh,5540,BJP,55,M,SC
UTTAR PRADESH,JAUNPUR,5/12/2014,Krishna Pratap,9261,BJP,37,M,GEN
UTTAR PRADESH,JHANSI,4/30/2014,Uma Bharti,5547,BJP,55,F,GEN
UTTAR PRADESH,KAIRANA,4/10/2014,Hukum Singh,655,BJP,75,M,GEN
UTTAR PRADESH,KAISERGANJ,5/7/2014,Brij Bhusan Sharan Singh,8725,BJP,57,M,GEN
UTTAR PRADESH,KANNAUJ,4/24/2014,Dimple Yadav,4411,SP,36,F,GEN
UTTAR PRADESH,KANPUR,4/30/2014,Dr.Murli Manohar Joshi,5714,BJP,80,M,GEN
UTTAR PRADESH,KAUSHAMBI,5/7/2014,Vinod Kumar,8080,BJP,44,M,SC
UTTAR PRADESH,KHERI,4/17/2014,Ajay Kumar,3107,BJP,55,M,GEN
UTTAR PRADESH,KUSHI NAGAR,5/12/2014,Rajesh Pandey Urf Guddu,9262,BJP,55,M,GEN
UTTAR PRADESH,LALGANJ,5/12/2014,Neelam,9268,BJP,38,F,SC
UTTAR PRADESH,LUCKNOW,4/30/2014,Raj Nath Singh,5743,BJP,62,M,GEN
UTTAR PRADESH,MACHHLISHAHR,5/12/2014,Ram Charitra Nishad,9278,BJP,46,M,SC
UTTAR PRADESH,MAHARAJGANJ,5/12/2014,Pankaj,9282,BJP,44,M,GEN
UTTAR PRADESH,MAINPURI : BYE ELECTION ON 13-09-2014,0000-00-00,Tej Pratap Singh Yadav,9864,SP,26,M,GEN
UTTAR PRADESH,MATHURA,4/24/2014,Deol Hema Malini Dharmendra,4424,BJP,65,F,GEN
UTTAR PRADESH,MEERUT,4/10/2014,Rajendra Agarwal,667,BJP,64,M,GEN
UTTAR PRADESH,MIRZAPUR,5/12/2014,Anupriya Singh Patel,9708,Apna Dal,33,F,GEN
UTTAR PRADESH,MISRIKH,4/30/2014,Anju Bala,5768,BJP,34,F,SC
UTTAR PRADESH,MOHANLALGANJ,4/30/2014,Kaushal Kishore,5774,BJP,53,M,SC
UTTAR PRADESH,MORADABAD,4/17/2014,Kunwar Sarvesh Kumar,3117,BJP,62,M,GEN
UTTAR PRADESH,MUZAFFARNAGAR,4/10/2014,Dr. Sanjeev Kumar Balyan,663,BJP,41,M,GEN
UTTAR PRADESH,NAGINA,4/17/2014,Yashwant Singh,3139,BJP,52,M,SC
UTTAR PRADESH,PHULPUR,5/7/2014,Keshav Prasad,8081,BJP,47,M,GEN
UTTAR PRADESH,PILIBHIT,4/17/2014,Maneka Sanjay Gandhi,3154,BJP,57,F,GEN
UTTAR PRADESH,PRATAPGARH,5/7/2014,Kuwar Harivansh Singh,8743,Apna Dal,64,M,GEN
UTTAR PRADESH,RAE BARELI,4/30/2014,Sonia Gandhi,5781,INC,67,F,GEN
UTTAR PRADESH,RAMPUR,4/17/2014,Dr. Nepal Singh,3180,BJP,74,M,GEN
UTTAR PRADESH,ROBERTSGANJ,5/12/2014,Chhote Lal,9290,BJP,41,M,SC
UTTAR PRADESH,SAHARANPUR,4/10/2014,Raghav Lakhanpal,685,BJP,39,M,GEN
UTTAR PRADESH,SALEMPUR,5/12/2014,Ravindra Kushawaha,9298,BJP,50,M,GEN
UTTAR PRADESH,SAMBHAL,4/17/2014,Satya Pal Singh,3189,BJP,40,M,GEN
UTTAR PRADESH,SANT KABIR NAGAR,5/7/2014,Sharad Tripathi,8099,BJP,42,M,GEN
UTTAR PRADESH,SHAHJAHANPUR,4/17/2014,Krishna Raj,3206,BJP,47,F,SC
UTTAR PRADESH,SHRAWASTI,5/7/2014,Daddan Mishra,8310,BJP,47,M,GEN
UTTAR PRADESH,SITAPUR,4/30/2014,Rajesh Kumar Singh,5798,BJP,54,M,GEN
UTTAR PRADESH,SULTANPUR,5/7/2014,Feroze Varun Gandhi,8109,BJP,34,M,GEN
UTTAR PRADESH,UNNAO,4/30/2014,Swami Sachchidanand Hari Sakshi,5810,BJP,58,M,GEN
UTTAR PRADESH,VARANASI,5/12/2014,Narendra Modi,9769,BJP,63,M,GEN
UTTARAKHAND,ALMORA,5/7/2014,Ajay Tamta,8297,BJP,41,M,SC
UTTARAKHAND,GARHWAL,5/7/2014,(Maj Gen (Retd.) ) Bhuwan Chandra Khanduri (Avsm),74,BJP,79,M,GEN
UTTARAKHAND,HARDWAR,5/7/2014,Ramesh Pokhariyal Nishank,8381,BJP,54,M,GEN
UTTARAKHAND,NAINITAL-UDHAMSINGH NAGAR,5/7/2014,Bhagat Singh Koshyari,7973,BJP,72,M,GEN
UTTARAKHAND,TEHRI GARHWAL,5/7/2014,Mala Rajya Laxmi Shah,73,BJP,64,F,GEN
WEST BENGAL,ALIPURDUARS,4/17/2014,Dasrath Tirkey,1775,AITC,47,M,ST
WEST BENGAL,ARAMBAG,4/30/2014,Aparupa Poddar (Afrin Ali),5819,AITC,28,F,SC
WEST BENGAL,ASANSOL,5/7/2014,Babul Supriya Boral (Babul Supriyo),8249,BJP,44,M,GEN
WEST BENGAL,BAHARAMPUR,5/12/2014,Adhir Ranjan Chowdhury,9306,INC,58,M,GEN
WEST BENGAL,BALURGHAT,4/24/2014,Arpita Ghosh,4828,AITC,47,F,GEN
WEST BENGAL,BANGAON  : BYE ELECTION ON 13-02-2015 ,0000-00-00,Mamata Thakur,9907,AITC,47,F,GEN
WEST BENGAL,BANKURA,5/7/2014,Sreemati Dev Varma (Moon Moon Sen),8266,AITC,60,F,GEN
WEST BENGAL,BARASAT,5/12/2014,Dr. Kakali Ghoshdostidar,9318,AITC,55,F,GEN
WEST BENGAL,BARDHAMAN PURBA,4/30/2014,Sunil Kumar Mondal,6007,AITC,55,M,SC
WEST BENGAL,BARDHAMAN-DURGAPUR,4/30/2014,Mamtaz Sanghamita,6016,AITC,68,F,GEN
WEST BENGAL,BARRACKPUR,5/12/2014,Dinesh Trivedi,9330,AITC,63,M,GEN
WEST BENGAL,BASIRHAT,5/12/2014,Idris Ali,9340,AITC,64,M,GEN
WEST BENGAL,BIRBHUM,4/30/2014,Satabdi Roy(Banerjee),6022,AITC,45,F,GEN
WEST BENGAL,BISHNUPUR,5/7/2014,Saumitra Khan,8270,AITC,34,M,SC
WEST BENGAL,BOLPUR,4/30/2014,Anupam Hazra,6031,AITC,32,M,SC
WEST BENGAL,COOCHBEHAR,4/17/2014,Renuka Sinha,1766,AITC,65,F,SC
WEST BENGAL,DARJEELING,4/17/2014,Surendrajeet Singh Ahluwalia,1797,BJP,63,M,GEN
WEST BENGAL,DIAMOND HARBOUR,5/12/2014,Abhishek Banerjee,9347,AITC,26,M,GEN
WEST BENGAL,DUM DUM,5/12/2014,Saugata Roy,9356,AITC,66,M,GEN
WEST BENGAL,GHATAL,5/12/2014,Deepak Adhikari (Dev),9367,AITC,32,M,GEN
WEST BENGAL,HOOGHLY,4/30/2014,Ratna De,6036,AITC,62,F,GEN
WEST BENGAL,HOWRAH,4/30/2014,Prasun Banerjee,6048,AITC,59,M,GEN
WEST BENGAL,JADAVPUR,5/12/2014,Sugata Bose,9377,AITC,57,M,GEN
WEST BENGAL,JALPAIGURI,4/17/2014,Bijoy Chandra Barman,1785,AITC,57,M,SC
WEST BENGAL,JANGIPUR,4/24/2014,Abhijit Mukherjee,4831,INC,54,M,GEN
WEST BENGAL,JAYNAGAR,5/12/2014,Pratima Mondal,9380,AITC,48,F,SC
WEST BENGAL,JHARGRAM,5/7/2014,Uma Saren,8253,AITC,30,F,ST
WEST BENGAL,KANTHI,5/12/2014,Sisir Kumar Adhikari,9391,AITC,74,M,GEN
WEST BENGAL,KOLKATA DAKSHIN ,5/12/2014,Subrata Bakshi,9398,AITC,64,M,GEN
WEST BENGAL,KOLKATA UTTAR,5/12/2014,Sudip Bandyopadhyay,9412,AITC,62,M,GEN
WEST BENGAL,KRISHNANAGAR,5/12/2014,Tapas Paul,9422,AITC,57,M,GEN
WEST BENGAL,MALDAHA DAKSHIN,4/24/2014,Abu Hasem Kahn Chowdhury,4363,INC,70,M,GEN
WEST BENGAL,MALDAHA UTTAR,4/24/2014,Mausam Noor,4370,INC,34,F,GEN
WEST BENGAL,MATHURAPUR,5/12/2014,Choudhury Mohan Jatua,9426,AITC,75,M,SC
WEST BENGAL,MEDINIPUR,5/7/2014,Sandhya Roy,8259,AITC,73,F,GEN
WEST BENGAL,MURSHIDABAD,4/24/2014,Badaruddoza Khan,4376,CPI(M),59,M,GEN
WEST BENGAL,PURULIA,5/7/2014,Mriganka Mahato,8262,AITC,51,M,GEN
WEST BENGAL,RAIGANJ,4/24/2014,Md. Salim,4380,CPI(M),56,M,GEN
WEST BENGAL,RANAGHAT,5/12/2014,Tapas Mandal,9436,AITC,42,M,SC
WEST BENGAL,SREERAMPUR,4/30/2014,Kalyan Banerjee,6058,AITC,57,M,GEN
WEST BENGAL,TAMLUK,5/12/2014,Suvendu Adhikari,9439,AITC,44,M,GEN
WEST BENGAL,ULUBERIA,4/30/2014,Sultan Ahmed,6066,AITC,58,M,GEN
